Project Name,Transacted Price ($),Strata/Land Area (SQFT),Unit Price ($ PSF),Sale Date,Address,Type of Sale,Type of Area,Strata/Land Area (SQM),Unit Price ($ PSM),Property Type,Tenure,Postal District,Postal Sector,Postal Code,Planning Region,Planning Area
ORION @ PAYA LEBAR,"2,025,000","2,411.14",840,25 Sep 2017,160 PAYA LEBAR ROAD #06-04,Resale,Strata,224,"9,040",Warehouse,Freehold,14,40,409022,Central Region,Geylang
CSI DISTRIBUTION CENTRE,"3,470,760","5,597.28",620,28 Sep 2017,"2 KIM CHUAN DRIVE #02-01,02,03",Resale,Strata,520,"6,675",Warehouse,Freehold,19,53,537080,North East Region,Hougang
CITILINK WAREHOUSE COMPLEX,"890,000","1,194.8",745,06 Oct 2017,102F PASIR PANJANG ROAD #08-04,Resale,Strata,111,"8,018",Warehouse,Freehold,05,11,118530,Central Region,Queenstown
I.BIZ CENTRE,"670,000","3,067.74",218,12 Oct 2017,32 OLD TOH TUCK ROAD #03-01,Resale,Strata,285,"2,351",Warehouse,30 yrs from 29/06/2011,21,59,597658,West Region,Clementi
CARROS CENTRE,"1,453,400","1,689.95",860,23 Oct 2017,60 JALAN LAM HUAT #05-70,Resale,Strata,157,"9,257",Warehouse,Freehold,25,73,737869,North Region,Sungei Kadut
SING INDUSTRIAL COMPLEX,"770,000","2,723.29",283,27 Oct 2017,32 ANG MO KIO INDUSTRIAL PARK 2 #01-05,Resale,Strata,253,"3,043",Warehouse,60 yrs from 18/10/1982,20,56,569510,North East Region,Serangoon
I.BIZ CENTRE,"908,000","2,809.4",323,30 Oct 2017,32 OLD TOH TUCK ROAD #01-14,Resale,Strata,261,"3,479",Warehouse,30 yrs from 29/06/2011,21,59,597658,West Region,Clementi
CARROS CENTRE,"1,419,556","1,689.95",840,01 Nov 2017,60 JALAN LAM HUAT #03-71,Resale,Strata,157,"9,042",Warehouse,Freehold,25,73,737869,North Region,Sungei Kadut
JOO SENG WAREHOUSE,"1,900,000","3,498.3",543,03 Nov 2017,3 UPPER ALJUNIED LINK #07-01,Resale,Strata,325,"5,846",Warehouse,Freehold,13,36,367902,Central Region,Toa Payoh
HILLVIEW WAREHOUSE,"850,000","1,862.17",456,07 Nov 2017,29 HILLVIEW TERRACE #04-03,Resale,Strata,173,"4,913",Warehouse,Freehold,23,66,669245,West Region,Bukit Batok
N.A.,"16,000,000","12,069.67","1,326",21 Nov 2017,10A JALAN AMPAS,Resale,Land,"1,121.3","14,269",Warehouse,Freehold,12,32,329511,Central Region,Novena
MACTECH BUILDING,"1,388,000","2,012.87",690,01 Dec 2017,2 KALLANG PUDDING ROAD #02-05,Resale,Strata,187,"7,422",Warehouse,Freehold,13,34,349307,Central Region,Geylang
HILLVIEW WAREHOUSE,"848,330","1,905.23",445,08 Dec 2017,29 HILLVIEW TERRACE #02-02,Resale,Strata,177,"4,793",Warehouse,Freehold,23,66,669245,West Region,Bukit Batok
GORDON WAREHOUSE BUILDING,"420,000","1,743.77",241,10 Dec 2017,9 KAKI BUKIT ROAD 2 #02-16,Resale,Strata,162,"2,593",Warehouse,60 yrs from 25/07/1981,14,41,417842,East Region,Bedok
ORION @ PAYA LEBAR,"1,500,000","1,711.48",876,15 Jan 2018,160 PAYA LEBAR ROAD #06-03,Resale,Strata,159,"9,434",Warehouse,Freehold,14,40,409022,Central Region,Geylang
NIPPON EXPRESS SINGAPORE BUILDING,"73,800,000","162,087.54",455,18 Jan 2018,40 ALPS AVENUE,Resale,Land,"15,058.3","4,901",Warehouse,30+30 yrs from 16/08/2005,17,49,498781,East Region,Changi  
VERTEX,"2,900,000","4,714.63",615,09 Feb 2018,33 UBI AVENUE 3 #01-27,Resale,Strata,438,"6,621",Warehouse,60 yrs from 01/01/2007,14,40,408868,Central Region,Geylang
CARROS CENTRE,"2,479,450","2,917.04",850,13 Feb 2018,60 JALAN LAM HUAT #03-08,Resale,Strata,271,"9,149",Warehouse,Freehold,25,73,737869,North Region,Sungei Kadut
CARROS CENTRE,"3,568,266","4,219.49",846,21 Feb 2018,"60 JALAN LAM HUAT #05-39,40",Resale,Strata,392,"9,103",Warehouse,Freehold,25,73,737869,North Region,Sungei Kadut
VERTEX,"1,650,000","2,884.75",572,28 Feb 2018,33 UBI AVENUE 3 #01-24,Resale,Strata,268,"6,157",Warehouse,60 yrs from 01/01/2007,14,40,408868,Central Region,Geylang
OXLEY BIZHUB,"1,018,168","1,894.46",537,28 Feb 2018,65 UBI ROAD 1 #04-42,Resale,Strata,176,"5,785",Warehouse,60 yrs from 15/11/2010,14,40,408729,Central Region,Geylang
QUARTZ INDUSTRIAL BUILDING,"2,900,000","5,209.78",557,12 Mar 2018,"5 UPPER ALJUNIED LINK #06-05,06",Resale,Strata,484,"5,992",Warehouse,Freehold,13,36,367903,Central Region,Toa Payoh
RUBY WAREHOUSE,"300,000","1,496.2",201,16 Mar 2018,8 KAKI BUKIT ROAD 2 #03-07,Resale,Strata,139,"2,158",Warehouse,60 yrs from 07/12/1981,14,41,417841,East Region,Bedok
TANNERY HOUSE,"1,168,800","1,948.28",600,22 Mar 2018,37 TANNERY LANE #02-04,Resale,Strata,181,"6,457",Warehouse,Freehold,13,34,347790,Central Region,Geylang
RUBY WAREHOUSE,"300,000","1,496.2",201,27 Mar 2018,8 KAKI BUKIT ROAD 2 #04-05,Resale,Strata,139,"2,158",Warehouse,60 yrs from 07/12/1981,14,41,417841,East Region,Bedok
GOLDEN WHEEL INDUSTRIAL BUILDING,"828,800","1,184.04",700,27 Mar 2018,50 KALLANG PUDDING ROAD #07-08,Resale,Strata,110,"7,535",Warehouse,Freehold,13,34,349326,Central Region,Geylang
TANNERY HOUSE,"1,651,000","2,540.3",650,28 Mar 2018,37 TANNERY LANE #04-08,Resale,Strata,236,"6,996",Warehouse,Freehold,13,34,347790,Central Region,Geylang
SHARELY WAREHOUSE BUILDING,"698,000","1,270.15",550,03 Apr 2018,51 TANNERY LANE #03-01,Resale,Strata,118,"5,915",Warehouse,Freehold,13,34,347798,Central Region,Geylang
UB. ONE,"748,000","1,302.44",574,04 Apr 2018,81 UBI AVENUE 4 #02-10,Resale,Strata,121,"6,182",Warehouse,60 yrs from 31/12/2008,14,40,408830,Central Region,Geylang
GENTING WAREHOUSE,"1,700,000","3,196.91",532,06 Apr 2018,45 GENTING LANE #02-02,Resale,Strata,297,"5,724",Warehouse,Freehold,13,34,349557,Central Region,Geylang
GORDON WAREHOUSE BUILDING,"668,000","2,486.48",269,16 Apr 2018,9 KAKI BUKIT ROAD 2 #04-25,Resale,Strata,231,"2,892",Warehouse,60 yrs from 25/07/1981,14,41,417842,East Region,Bedok
PANTECH BUSINESS HUB,"1,016,500","1,862.17",546,18 Apr 2018,196 PANDAN LOOP #01-10,Resale,Strata,173,"5,876",Warehouse,99 yrs from 27/01/1984,05,12,128384,West Region,Clementi
VERTEX,"3,400,000","6,113.95",556,20 Apr 2018,33 UBI AVENUE 3 #01-20,Resale,Strata,568,"5,986",Warehouse,60 yrs from 01/01/2007,14,40,408868,Central Region,Geylang
JOO SENG WAREHOUSE,"1,350,000","2,055.92",657,25 Apr 2018,3 UPPER ALJUNIED LINK #02-02,Resale,Strata,191,"7,068",Warehouse,Freehold,13,36,367902,Central Region,Toa Payoh
JOO SENG WAREHOUSE,"1,200,000","2,109.74",569,30 Apr 2018,1 UPPER ALJUNIED LINK #06-02,Resale,Strata,196,"6,122",Warehouse,Freehold,13,36,367901,Central Region,Toa Payoh
OXLEY BIZHUB,"1,100,000","1,700.71",647,08 May 2018,65 UBI ROAD 1 #01-53,Resale,Strata,158,"6,962",Warehouse,60 yrs from 15/11/2010,14,40,408729,Central Region,Geylang
CITY WAREHOUSE,"573,000","2,766.35",207,09 May 2018,5 KAKI BUKIT ROAD 2 #03-11,Resale,Strata,257,"2,230",Warehouse,60 yrs from 17/12/1981,14,41,417839,East Region,Bedok
GORDON WAREHOUSE BUILDING,"2,088,888","7,125.77",293,10 May 2018,9 KAKI BUKIT ROAD 2 #01-15,Resale,Strata,662,"3,155",Warehouse,60 yrs from 25/07/1981,14,41,417842,East Region,Bedok
QUARTZ INDUSTRIAL BUILDING,"2,200,000","3,132.32",702,10 May 2018,5 UPPER ALJUNIED LINK #01-07,Resale,Strata,291,"7,560",Warehouse,Freehold,13,36,367903,Central Region,Toa Payoh
I.BIZ CENTRE,"670,000","3,110.8",215,21 May 2018,32 OLD TOH TUCK ROAD #02-06,Resale,Strata,289,"2,318",Warehouse,30 yrs from 29/06/2011,21,59,597658,West Region,Clementi
HILLVIEW WAREHOUSE,"800,000","1,722.24",465,22 May 2018,29 HILLVIEW TERRACE #04-04,Resale,Strata,160,"5,000",Warehouse,Freehold,23,66,669245,West Region,Bukit Batok
ELITE INDUSTRIAL BUILDING I,"923,000","1,420.85",650,28 May 2018,32 KALLANG PUDDING ROAD #02-03,Resale,Strata,132,"6,992",Warehouse,Freehold,13,34,349313,Central Region,Geylang
GOLDEN WHEEL INDUSTRIAL BUILDING,"2,450,000","3,756.64",652,30 May 2018,50 KALLANG PUDDING ROAD #01-06,Resale,Strata,349,"7,020",Warehouse,Freehold,13,34,349326,Central Region,Geylang
OXLEY BIZHUB,"600,000",990.29,606,08 Jun 2018,61 UBI ROAD 1 #03-04,Resale,Strata,92,"6,522",Warehouse,60 yrs from 15/11/2010,14,40,408727,Central Region,Geylang
OXLEY BIZHUB,"750,000","1,151.75",651,18 Jun 2018,63 UBI ROAD 1 #02-49,Resale,Strata,107,"7,009",Warehouse,60 yrs from 15/11/2010,14,40,408728,Central Region,Geylang
HILLVIEW WAREHOUSE,"820,000","1,765.3",465,18 Jun 2018,29 HILLVIEW TERRACE #05-06,Resale,Strata,164,"5,000",Warehouse,Freehold,23,66,669245,West Region,Bukit Batok
PANTECH BUSINESS HUB,"1,273,300","3,638.23",350,19 Jun 2018,196 PANDAN LOOP #07-24,Resale,Strata,338,"3,767",Warehouse,99 yrs from 27/01/1984,05,12,128384,West Region,Clementi
CWT LOGISTICS HUB 3,"179,000,000","335,172.66",534,04 Jul 2018,52 TANJONG PENJURU,Resale,Land,"31,138.3","5,749",Warehouse,30+10 yrs from 01/07/2009,22,60,609034,West Region,Jurong East
CWT JURONG EAST LOGISTICS CENTRE,"115,000,000","240,537.73",478,04 Jul 2018,5A TOH GUAN ROAD EAST,Resale,Land,"22,346.5","5,146",Warehouse,30+21 yrs from 01/03/1991,22,60,608830,West Region,Clementi
CWT LOGISTICS HUB 1,"75,000,000","375,494.61",200,04 Jul 2018,38 TANJONG PENJURU,Resale,Land,"34,884.3","2,150",Warehouse,30+14 yrs from o1/11/2005,22,60,609039,West Region,Jurong East
CWT PANDAN LOGISTICS CENTRE,"117,000,000","255,764.48",457,04 Jul 2018,4 PANDAN AVENUE,Resale,Land,"23,761.1","4,924",Warehouse,30+30 yrs from 09/10/1984,22,60,609383,West Region,Jurong East
ELITE INDUSTRIAL BUILDING I,"1,835,000","2,960.1",620,12 Jul 2018,32 KALLANG PUDDING ROAD #02-06,Resale,Strata,275,"6,673",Warehouse,Freehold,13,34,349313,Central Region,Geylang
TAGORE BUILDING,"1,150,000","2,185.09",526,13 Jul 2018,6 TAGORE DRIVE #03-01,Resale,Strata,203,"5,665",Warehouse,Freehold,26,78,787623,North East Region,Ang Mo Kio
ORION @ PAYA LEBAR,"1,538,000","1,700.71",904,19 Jul 2018,160 PAYA LEBAR ROAD #02-05,Resale,Strata,158,"9,734",Warehouse,Freehold,14,40,409022,Central Region,Geylang
OXLEY BIZHUB,"590,000",990.29,596,25 Jul 2018,61 UBI ROAD 1 #03-14,Resale,Strata,92,"6,413",Warehouse,60 yrs from 15/11/2010,14,40,408727,Central Region,Geylang
I.BIZ CENTRE,"700,000","2,938.57",238,10 Aug 2018,32 OLD TOH TUCK ROAD #03-09,Resale,Strata,273,"2,564",Warehouse,30 yrs from 29/06/2011,21,59,597658,West Region,Clementi
CITILINK WAREHOUSE COMPLEX,"800,000",947.23,845,14 Aug 2018,102E PASIR PANJANG ROAD #02-12,Resale,Strata,88,"9,091",Warehouse,Freehold,05,11,118529,Central Region,Queenstown
JOO SENG WAREHOUSE,"2,450,000","4,219.49",581,17 Aug 2018,"1 UPPER ALJUNIED LINK #07-04,05",Resale,Strata,392,"6,250",Warehouse,Freehold,13,36,367901,Central Region,Toa Payoh
CITILINK WAREHOUSE COMPLEX,"1,570,000","1,765.3",889,20 Aug 2018,102E PASIR PANJANG ROAD #03-06,Resale,Strata,164,"9,573",Warehouse,Freehold,05,11,118529,Central Region,Queenstown
THE WESTCOM,"700,000","2,098.98",333,29 Aug 2018,1 TUAS SOUTH AVENUE 6 #01-08,Resale,Strata,195,"3,590",Warehouse,60 yrs from 09/07/1996,22,63,637021,West Region,Tuas
THE WESTCOM,"900,000","3,046.21",295,29 Aug 2018,1 TUAS SOUTH AVENUE 6 #01-21,Resale,Strata,283,"3,180",Warehouse,60 yrs from 09/07/1996,22,63,637021,West Region,Tuas
TRIVEX,"550,000",871.88,631,05 Sep 2018,8 BURN ROAD #06-12,Resale,Strata,81,"6,790",Warehouse,60 yrs from 20/05/2008,13,36,369977,Central Region,Toa Payoh
CITILINK WAREHOUSE COMPLEX,"1,190,000","1,410.08",844,05 Sep 2018,102F PASIR PANJANG ROAD #02-10,Resale,Strata,131,"9,084",Warehouse,Freehold,05,11,118530,Central Region,Queenstown
ZERVEX,"2,009,700","4,596.23",437,05 Sep 2018,"8 UBI ROAD 2 #02-09,10",Resale,Strata,427,"4,707",Warehouse,60 yrs from 30/06/2008,14,40,408538,Central Region,Geylang
VERTEX,"1,900,000","3,283.02",579,06 Sep 2018,33 UBI AVENUE 3 #01-66,Resale,Strata,305,"6,230",Warehouse,60 yrs from 01/01/2007,14,40,408868,Central Region,Geylang
NORTH LINK BUILDING,"1,121,495","5,608.04",200,18 Sep 2018,10 ADMIRALTY STREET #01-77,Resale,Strata,521,"2,153",Warehouse,60 yrs from 09/10/1999,27,75,757695,North Region,Sembawang
HENDERSON INDUSTRIAL PARK,"1,140,000","1,646.89",692,20 Sep 2018,203 HENDERSON ROAD #12-12,Resale,Strata,153,"7,451",Warehouse,Freehold,03,15,159546,Central Region,Bukit Merah
MIDVIEW BUILDING,"500,400","1,668.42",300,25 Sep 2018,50 BUKIT BATOK STREET 23 #03-14,Resale,Strata,155,"3,228",Warehouse,60 yrs from 13/03/1997,23,65,659578,West Region,Bukit Batok
OXLEY BIZHUB,"650,000","1,130.22",575,17 Oct 2018,65 UBI ROAD 1 #02-83,Resale,Strata,105,"6,190",Warehouse,60 yrs from 15/11/2010,14,40,408729,Central Region,Geylang
TANNERY HOUSE,"1,247,400","1,980.58",630,19 Oct 2018,37 TANNERY LANE #04-09,Resale,Strata,184,"6,779",Warehouse,Freehold,13,34,347790,Central Region,Geylang
CIVIC TERRACE WAREHOUSE,"1,725,000","6,243.12",276,13 Nov 2018,"115,115A,115B UBI AVENUE 4",Resale,Strata,580,"2,974",Warehouse,60 yrs from 19/10/1982,14,40,408763,Central Region,Geylang
VERTEX,"715,000","1,582.31",452,16 Nov 2018,33 UBI AVENUE 3 #05-46,Resale,Strata,147,"4,864",Warehouse,60 yrs from 01/01/2007,14,40,408868,Central Region,Geylang
TAGORE BUILDING,"1,710,000","3,175.38",539,20 Nov 2018,6 TAGORE DRIVE #04-16,Resale,Strata,295,"5,797",Warehouse,Freehold,26,78,787623,North East Region,Ang Mo Kio
PANTECH BUSINESS HUB,"700,000","1,367.03",512,21 Nov 2018,196 PANDAN LOOP #01-23,Resale,Strata,127,"5,512",Warehouse,99 yrs from 27/01/1984,05,12,128384,West Region,Clementi
JOO SENG WAREHOUSE,"1,320,000","2,109.74",626,26 Nov 2018,3 UPPER ALJUNIED LINK #06-04,Resale,Strata,196,"6,735",Warehouse,Freehold,13,36,367902,Central Region,Toa Payoh
ALJUNIED INDUSTRIAL COMPLEX,"1,463,904","2,152.8",680,27 Nov 2018,623 ALJUNIED ROAD #02-05,Resale,Strata,200,"7,320",Warehouse,Freehold,14,38,389835,Central Region,Geylang
OXLEY BIZHUB,"830,000","1,593.07",521,21 Dec 2018,61 UBI ROAD 1 #04-23,Resale,Strata,148,"5,608",Warehouse,60 yrs from 15/11/2010,14,40,408727,Central Region,Geylang
CARROS CENTRE,"1,429,260","1,733",825,28 Dec 2018,60 JALAN LAM HUAT #03-02,Resale,Strata,161,"8,877",Warehouse,Freehold,25,73,737869,North Region,Sungei Kadut
MIDVIEW BUILDING,"288,888",958,302,03 Jan 2019,50 BUKIT BATOK STREET 23 #02-11,Resale,Strata,89,"3,246",Warehouse,60 yrs from 13/03/1997,23,65,659578,West Region,Bukit Batok
OXLEY BIZHUB,"1,350,000","2,303.5",586,08 Jan 2019,65 UBI ROAD 1 #01-56,Resale,Strata,214,"6,308",Warehouse,60 yrs from 15/11/2010,14,40,408729,Central Region,Geylang
OXLEY BIZHUB,"1,350,000","2,303.5",586,08 Jan 2019,65 UBI ROAD 1 #01-57,Resale,Strata,214,"6,308",Warehouse,60 yrs from 15/11/2010,14,40,408729,Central Region,Geylang
NORTH LINK BUILDING,"1,200,000","5,188.25",231,15 Jan 2019,10 ADMIRALTY STREET #01-48,Resale,Strata,482,"2,490",Warehouse,60 yrs from 09/10/1999,27,75,757695,North Region,Sembawang
WCEGA PLAZA,"750,000","2,561.83",293,23 Jan 2019,1 BUKIT BATOK CRESCENT #02-37,Resale,Strata,238,"3,151",Warehouse,60 yrs from 13/03/1997,23,65,658064,West Region,Bukit Batok
OXLEY BIZHUB 2,"1,050,000","1,915.99",548,29 Jan 2019,62 UBI ROAD 1 #01-34,Resale,Strata,178,"5,899",Warehouse,60 yrs from 10/06/2011,14,40,408734,Central Region,Geylang
OXLEY BIZHUB 2,"1,050,000","1,915.99",548,29 Jan 2019,62 UBI ROAD 1 #01-35,Resale,Strata,178,"5,899",Warehouse,60 yrs from 10/06/2011,14,40,408734,Central Region,Geylang
OXLEY BIZHUB 2,"1,050,000","1,915.99",548,29 Jan 2019,62 UBI ROAD 1 #01-25,Resale,Strata,178,"5,899",Warehouse,60 yrs from 10/06/2011,14,40,408734,Central Region,Geylang
OXLEY BIZHUB 2,"1,050,000","1,915.99",548,29 Jan 2019,62 UBI ROAD 1 #01-24,Resale,Strata,178,"5,899",Warehouse,60 yrs from 10/06/2011,14,40,408734,Central Region,Geylang
UB. ONE,"740,000","1,302.44",568,08 Feb 2019,81 UBI AVENUE 4 #02-06,Resale,Strata,121,"6,116",Warehouse,60 yrs from 31/12/2008,14,40,408830,Central Region,Geylang
WCEGA PLAZA,"800,000","2,669.47",300,13 Feb 2019,1 BUKIT BATOK CRESCENT #02-17,Resale,Strata,248,"3,226",Warehouse,60 yrs from 13/03/1997,23,65,658064,West Region,Bukit Batok
KEWALRAM HOUSE,"1,030,000","2,281.97",451,14 Feb 2019,8 JALAN KILANG TIMOR #03-04A,Resale,Strata,212,"4,858",Warehouse,99 yrs from 01/01/1961,03,15,159305,Central Region,Bukit Merah
MIDVIEW BUILDING,"803,000","1,862.17",431,14 Feb 2019,50 BUKIT BATOK STREET 23 #01-26,Resale,Strata,173,"4,642",Warehouse,60 yrs from 13/03/1997,23,65,659578,West Region,Bukit Batok
TAGORE BUILDING,"740,000","1,227.1",603,18 Feb 2019,6 TAGORE DRIVE #02-12,Resale,Strata,114,"6,491",Warehouse,Freehold,26,78,787623,North East Region,Ang Mo Kio
CARROS CENTRE,"1,720,087","2,023.63",850,07 Mar 2019,60 JALAN LAM HUAT #05-80,Resale,Strata,188,"9,149",Warehouse,Freehold,25,73,737869,North Region,Sungei Kadut
JOO SENG WAREHOUSE,"1,393,380","2,109.74",660,15 Mar 2019,3 UPPER ALJUNIED LINK #04-02,Resale,Strata,196,"7,109",Warehouse,Freehold,13,36,367902,Central Region,Toa Payoh
GORDON WAREHOUSE BUILDING,"776,007","2,238.91",347,20 Mar 2019,9 KAKI BUKIT ROAD 2 #01-08,Resale,Strata,208,"3,731",Warehouse,60 yrs from 25/07/1981,14,41,417842,East Region,Bedok
GORDON WAREHOUSE BUILDING,"973,992","2,809.4",347,20 Mar 2019,9 KAKI BUKIT ROAD 2 #01-07,Resale,Strata,261,"3,732",Warehouse,60 yrs from 25/07/1981,14,41,417842,East Region,Bedok
CARROS CENTRE,"1,402,700","1,689.95",830,25 Mar 2019,60 JALAN LAM HUAT #05-11,Resale,Strata,157,"8,934",Warehouse,Freehold,25,73,737869,North Region,Sungei Kadut
NOVELTY BIZCENTRE,"1,290,000","1,216.33","1,061",27 Mar 2019,18 HOWARD ROAD #02-01,Resale,Strata,113,"11,416",Warehouse,Freehold,13,36,369585,Central Region,Toa Payoh
OXLEY BIZHUB,"600,000","1,140.98",526,02 Apr 2019,61 UBI ROAD 1 #03-15,Resale,Strata,106,"5,660",Warehouse,60 yrs from 15/11/2010,14,40,408727,Central Region,Geylang
VERTEX,"2,920,000","7,007.36",417,08 Apr 2019,33 UBI AVENUE 3 #03-08,Resale,Strata,651,"4,485",Warehouse,60 yrs from 01/01/2007,14,40,408868,Central Region,Geylang
LINK@AMK,"3,800,000","7,911.54",480,12 Apr 2019,3 ANG MO KIO STREET 62 #01-64,Resale,Strata,735,"5,170",Warehouse,60 yrs from 28/06/2011,20,56,569139,North East Region,Ang Mo Kio
LIBERTY WAREHOUSE,"560,000","1,119.46",500,15 Apr 2019,220 TAGORE LANE #01-07,Resale,Strata,104,"5,385",Warehouse,Freehold,26,78,787600,North East Region,Ang Mo Kio
LIBERTY WAREHOUSE,"503,800","1,119.46",450,16 Apr 2019,220 TAGORE LANE #04-06,Resale,Strata,104,"4,844",Warehouse,Freehold,26,78,787600,North East Region,Ang Mo Kio
LIBERTY WAREHOUSE,"499,000","1,108.69",450,17 Apr 2019,220 TAGORE LANE #04-07,Resale,Strata,103,"4,845",Warehouse,Freehold,26,78,787600,North East Region,Ang Mo Kio
LIBERTY WAREHOUSE,"485,000","1,076.4",451,23 Apr 2019,220 TAGORE LANE #04-04,Resale,Strata,100,"4,850",Warehouse,Freehold,26,78,787600,North East Region,Ang Mo Kio
OXLEY BIZHUB 2,"508,888","1,011.82",503,15 May 2019,62 UBI ROAD 1 #02-06,Resale,Strata,94,"5,414",Warehouse,60 yrs from 10/06/2011,14,40,408734,Central Region,Geylang
ALJUNIED INDUSTRIAL COMPLEX,"1,500,000","2,260.44",664,15 May 2019,625 ALJUNIED ROAD #02-07,Resale,Strata,210,"7,143",Warehouse,Freehold,14,38,389836,Central Region,Geylang
OXLEY BIZHUB,"590,000","1,022.58",577,16 May 2019,65 UBI ROAD 1 #02-86,Resale,Strata,95,"6,211",Warehouse,60 yrs from 15/11/2010,14,40,408729,Central Region,Geylang
KEWALRAM HOUSE,"1,374,240","2,863.22",480,24 May 2019,8 JALAN KILANG TIMOR #01-02,Resale,Strata,266,"5,166",Warehouse,99 yrs from 01/01/1961,03,15,159305,Central Region,Bukit Merah
ELITE INDUSTRIAL BUILDING II,"1,800,000","2,271.2",793,27 May 2019,47 TANNERY LANE #01-03,Resale,Strata,211,"8,531",Warehouse,Freehold,13,34,347794,Central Region,Geylang
TAGORE BUILDING,"1,040,000","2,055.92",506,31 May 2019,6 TAGORE DRIVE #02-18,Resale,Strata,191,"5,445",Warehouse,Freehold,26,78,787623,North East Region,Ang Mo Kio
ELITE INDUSTRIAL BUILDING I,"1,654,070","2,734.06",605,06 Jun 2019,32 KALLANG PUDDING ROAD #07-02,Resale,Strata,254,"6,512",Warehouse,Freehold,13,34,349313,Central Region,Geylang
VERTEX,"1,850,000","3,046.21",607,14 Jun 2019,33 UBI AVENUE 3 #01-41,Resale,Strata,283,"6,537",Warehouse,60 yrs from 01/01/2007,14,40,408868,Central Region,Geylang
HILLVIEW WAREHOUSE,"1,500,000","3,584.41",418,17 Jun 2019,29 HILLVIEW TERRACE #02-04,Resale,Strata,333,"4,505",Warehouse,Freehold,23,66,669245,West Region,Bukit Batok
JOO SENG WAREHOUSE,"1,288,000","2,109.74",611,20 Jun 2019,3 UPPER ALJUNIED LINK #05-03,Resale,Strata,196,"6,571",Warehouse,Freehold,13,36,367902,Central Region,Toa Payoh
TAGORE BUILDING,"1,208,000","2,540.3",476,24 Jun 2019,6 TAGORE DRIVE #02-15,Resale,Strata,236,"5,119",Warehouse,Freehold,26,78,787623,North East Region,Ang Mo Kio
SHARELY WAREHOUSE BUILDING,"700,000","1,270.15",551,08 Jul 2019,51 TANNERY LANE #10-01,Resale,Strata,118,"5,932",Warehouse,Freehold,13,34,347798,Central Region,Geylang
JOO SENG WAREHOUSE,"2,100,000","3,498.3",600,08 Jul 2019,3 UPPER ALJUNIED LINK #04-01,Resale,Strata,325,"6,462",Warehouse,Freehold,13,36,367902,Central Region,Toa Payoh
VERTEX,"3,100,000","5,005.26",619,16 Jul 2019,33 UBI AVENUE 3 #01-07,Resale,Strata,465,"6,667",Warehouse,60 yrs from 01/01/2007,14,40,408868,Central Region,Geylang
OXLEY BIZHUB,"750,000","1,603.84",468,17 Jul 2019,61 UBI ROAD 1 #04-14,Resale,Strata,149,"5,034",Warehouse,60 yrs from 15/11/2010,14,40,408727,Central Region,Geylang
VERTEX,"1,650,000","2,884.75",572,19 Jul 2019,33 UBI AVENUE 3 #01-25,Resale,Strata,268,"6,157",Warehouse,60 yrs from 01/01/2007,14,40,408868,Central Region,Geylang
OXLEY BIZHUB,"530,000",936.47,566,26 Jul 2019,61 UBI ROAD 1 #03-12,Resale,Strata,87,"6,092",Warehouse,60 yrs from 15/11/2010,14,40,408727,Central Region,Geylang
GORDON WAREHOUSE BUILDING,"1,280,000","5,640.34",227,02 Aug 2019,9 KAKI BUKIT ROAD 2 #02-23,Resale,Strata,524,"2,443",Warehouse,60 yrs from 25/07/1981,14,41,417842,East Region,Bedok
N.A.,"225,000,000","437,372.54",514,07 Aug 2019,48 PANDAN ROAD,Resale,Land,"40,632.9","5,537",Warehouse,24 yrs from 01/07/2019,22,60,609289,West Region,Jurong East
OXLEY BIZHUB,"550,000","1,001.05",549,07 Aug 2019,61 UBI ROAD 1 #02-38,Resale,Strata,93,"5,914",Warehouse,60 yrs from 15/11/2010,14,40,408727,Central Region,Geylang
LIBERTY WAREHOUSE,"1,075,000","2,012.87",534,15 Aug 2019,220 TAGORE LANE #04-03,Resale,Strata,187,"5,749",Warehouse,Freehold,26,78,787600,North East Region,Ang Mo Kio
WESTLINK ONE,"875,000","2,615.65",335,24 Sep 2019,1 TUAS VIEW PLACE #01-16,Resale,Strata,243,"3,601",Warehouse,60 yrs from 20/11/1995,22,63,637433,West Region,Tuas
LINK@AMK,"3,800,000","7,911.54",480,18 Oct 2019,3 ANG MO KIO STREET 62 #01-49,Resale,Strata,735,"5,170",Warehouse,60 yrs from 28/06/2011,20,56,569139,North East Region,Ang Mo Kio
NOVELTY BIZCENTRE,"1,310,000","1,216.33","1,077",30 Oct 2019,18 HOWARD ROAD #02-05,Resale,Strata,113,"11,593",Warehouse,Freehold,13,36,369585,Central Region,Toa Payoh
VERTEX,"1,050,000","2,238.91",469,31 Oct 2019,33 UBI AVENUE 3 #02-33,Resale,Strata,208,"5,048",Warehouse,60 yrs from 01/01/2007,14,40,408868,Central Region,Geylang
TAGORE BUILDING,"719,800","1,227.1",587,31 Oct 2019,6 TAGORE DRIVE #03-12,Resale,Strata,114,"6,314",Warehouse,Freehold,26,78,787623,North East Region,Ang Mo Kio
NOBLE LOGISTICS,"1,680,000","2,217.38",758,04 Nov 2019,49 TANNERY LANE #01-01,Resale,Strata,206,"8,155",Warehouse,Freehold,13,34,347796,Central Region,Geylang
GOLDEN WHEEL INDUSTRIAL BUILDING,"780,000","1,184.04",659,04 Nov 2019,50 KALLANG PUDDING ROAD #08-08,Resale,Strata,110,"7,091",Warehouse,Freehold,13,34,349326,Central Region,Geylang
TAGORE BUILDING,"1,310,000","1,991.34",658,05 Nov 2019,6 TAGORE DRIVE #01-09,Resale,Strata,185,"7,081",Warehouse,Freehold,26,78,787623,North East Region,Ang Mo Kio
TRIVEX,"440,000",678.13,649,06 Nov 2019,8 BURN ROAD #15-14,Resale,Strata,63,"6,984",Warehouse,60 yrs from 20/05/2008,13,36,369977,Central Region,Toa Payoh
LIBERTY WAREHOUSE,"755,000","1,420.85",531,22 Nov 2019,220 TAGORE LANE #03-08,Resale,Strata,132,"5,720",Warehouse,Freehold,26,78,787600,North East Region,Ang Mo Kio
UB. ONE,"900,000","1,410.08",638,27 Nov 2019,81 UBI AVENUE 4 #01-05,Resale,Strata,131,"6,870",Warehouse,60 yrs from 31/12/2008,14,40,408830,Central Region,Geylang
JOO SENG WAREHOUSE,"1,250,000","2,109.74",592,16 Dec 2019,3 UPPER ALJUNIED LINK #04-03,Resale,Strata,196,"6,378",Warehouse,Freehold,13,36,367902,Central Region,Toa Payoh
ZERVEX,"668,000","1,496.2",446,18 Dec 2019,8 UBI ROAD 2 #03-06,Resale,Strata,139,"4,806",Warehouse,60 yrs from 30/06/2008,14,40,408538,Central Region,Geylang
WESTLINK ONE,"820,000","2,615.65",313,23 Dec 2019,1 TUAS VIEW PLACE #01-15,Resale,Strata,243,"3,374",Warehouse,60 yrs from 20/11/1995,22,63,637433,West Region,Tuas
PAN MALAYAN WAREHOUSE,"2,480,000","8,255.99",300,26 Dec 2019,171 UBI AVENUE 4,Resale,Strata,767,"3,233",Warehouse,60 yrs from 08/11/1982,14,40,408789,Central Region,Geylang
WCEGA TOWER,"550,000",936.47,587,27 Dec 2019,21 BUKIT BATOK CRESCENT #02-71,Resale,Strata,87,"6,322",Warehouse,60 yrs from 13/03/1997,23,65,658065,West Region,Bukit Batok
WCEGA TOWER,"550,000",968.76,568,30 Dec 2019,21 BUKIT BATOK CRESCENT #02-72,Resale,Strata,90,"6,111",Warehouse,60 yrs from 13/03/1997,23,65,658065,West Region,Bukit Batok
VERTEX,"1,200,000","2,368.08",507,08 Jan 2020,33 UBI AVENUE 3 #03-29,Resale,Strata,220,"5,455",Warehouse,60 yrs from 01/01/2007,14,40,408868,Central Region,Geylang
RUBY WAREHOUSE COMPLEX,"330,000","1,496.2",221,22 Jan 2020,8 KAKI BUKIT ROAD 2 #02-10,Resale,Strata,139,"2,374",Warehouse,60 yrs from 07/12/1981,14,41,417841,East Region,Bedok
OXLEY BIZHUB,"568,000","1,022.58",555,11 Feb 2020,65 UBI ROAD 1 #02-88,Resale,Strata,95,"5,979",Warehouse,60 yrs from 15/11/2010,14,40,408729,Central Region,Geylang
OXLEY BIZHUB,"1,450,000","2,303.5",629,27 Feb 2020,65 UBI ROAD 1 #01-59,Resale,Strata,214,"6,776",Warehouse,60 yrs from 15/11/2010,14,40,408729,Central Region,Geylang
GUAN HUA WAREHOUSE,"360,000","1,722.24",209,27 Feb 2020,85 GENTING LANE #03-03,Resale,Strata,160,"2,250",Warehouse,60 yrs from 04/12/1981,13,34,349569,Central Region,Geylang
N.A.,"3,650,000","3,601.63","1,013",28 Feb 2020,94C JALAN SENANG,Resale,Land,334.6,"10,909",Warehouse,Freehold,14,41,418470,East Region,Bedok
CITILINK WAREHOUSE COMPLEX,"1,403,058","1,851.41",758,05 Mar 2020,102F PASIR PANJANG ROAD #03-02,Resale,Strata,172,"8,157",Warehouse,Freehold,05,11,118530,Central Region,Queenstown
JOO SENG WAREHOUSE,"2,380,000","3,498.3",680,11 Mar 2020,1 UPPER ALJUNIED LINK #05-01,Resale,Strata,325,"7,323",Warehouse,Freehold,13,36,367901,Central Region,Toa Payoh
CITY WAREHOUSE,"450,000","2,766.35",163,23 Mar 2020,5 KAKI BUKIT ROAD 2 #04-11,Resale,Strata,257,"1,751",Warehouse,60 yrs from 17/12/1981,14,41,417839,East Region,Bedok
GORDON WAREHOUSE BUILDING,"300,000","1,722.24",174,02 Apr 2020,9 KAKI BUKIT ROAD 2 #04-28,Resale,Strata,160,"1,875",Warehouse,60 yrs from 25/07/1981,14,41,417842,East Region,Bedok
WCEGA TOWER,"550,000",968.76,568,30 Apr 2020,21 BUKIT BATOK CRESCENT #02-73,Resale,Strata,90,"6,111",Warehouse,60 yrs from 13/03/1997,23,65,658065,West Region,Bukit Batok
I.BIZ CENTRE,"1,150,000","5,984.78",192,15 Jun 2020,32 OLD TOH TUCK ROAD #05-03,Resale,Strata,556,"2,068",Warehouse,30 yrs from 29/06/2011,21,59,597658,West Region,Clementi
WCEGA TOWER,"620,000","1,001.05",619,29 Jun 2020,21 BUKIT BATOK CRESCENT #02-76,Resale,Strata,93,"6,667",Warehouse,60 yrs from 13/03/1997,23,65,658065,West Region,Bukit Batok
TAGORE BUILDING,"1,800,000","4,154.9",433,03 Jul 2020,6 TAGORE DRIVE #02-17,Resale,Strata,386,"4,663",Warehouse,Freehold,26,78,787623,North East Region,Ang Mo Kio
RUBY WAREHOUSE COMPLEX,"305,000","1,496.2",204,08 Jul 2020,8 KAKI BUKIT ROAD 2 #02-11,Resale,Strata,139,"2,194",Warehouse,60 yrs from 07/12/1981,14,41,417841,East Region,Bedok
CSI DISTRIBUTION CENTRE,"900,000","1,420.85",633,08 Jul 2020,2 KIM CHUAN DRIVE #04-03,Resale,Strata,132,"6,818",Warehouse,Freehold,19,53,537080,North East Region,Hougang
RUBY WAREHOUSE COMPLEX,"303,000","1,496.2",203,08 Jul 2020,8 KAKI BUKIT ROAD 2 #02-28,Resale,Strata,139,"2,180",Warehouse,60 yrs from 07/12/1981,14,41,417841,East Region,Bedok
OXLEY BIZHUB,"1,500,000","2,303.5",651,13 Jul 2020,65 UBI ROAD 1 #01-58,Resale,Strata,214,"7,009",Warehouse,60 yrs from 15/11/2010,14,40,408729,Central Region,Geylang
VERTEX,"1,600,000","3,046.21",525,16 Jul 2020,33 UBI AVENUE 3 #01-14,Resale,Strata,283,"5,654",Warehouse,60 yrs from 01/01/2007,14,40,408868,Central Region,Geylang
VERTEX,"1,600,000","3,046.21",525,16 Jul 2020,33 UBI AVENUE 3 #01-15,Resale,Strata,283,"5,654",Warehouse,60 yrs from 01/01/2007,14,40,408868,Central Region,Geylang
JOO SENG WAREHOUSE,"2,140,000","2,970.86",720,23 Jul 2020,1 UPPER ALJUNIED LINK #02-06,Resale,Strata,276,"7,754",Warehouse,Freehold,13,36,367901,Central Region,Toa Payoh
VERTEX,"1,750,000","3,261.49",537,24 Jul 2020,33 UBI AVENUE 3 #01-65,Resale,Strata,303,"5,776",Warehouse,60 yrs from 01/01/2007,14,40,408868,Central Region,Geylang
HILLVIEW WAREHOUSE,"730,000","1,679.18",435,28 Jul 2020,29 HILLVIEW TERRACE #03-05,Resale,Strata,156,"4,679",Warehouse,Freehold,23,66,669245,West Region,Bukit Batok
OXLEY BIZHUB,"607,777","1,151.75",528,29 Jul 2020,65 UBI ROAD 1 #02-62,Resale,Strata,107,"5,680",Warehouse,60 yrs from 15/11/2010,14,40,408729,Central Region,Geylang
LIBERTY WAREHOUSE,"560,000","1,119.46",500,30 Jul 2020,220 TAGORE LANE #02-11,Resale,Strata,104,"5,385",Warehouse,Freehold,26,78,787600,North East Region,Ang Mo Kio
OXLEY BIZHUB,"1,200,000","2,303.5",521,04 Aug 2020,65 UBI ROAD 1 #01-55,Resale,Strata,214,"5,607",Warehouse,60 yrs from 15/11/2010,14,40,408729,Central Region,Geylang
N.A.,"129,634,000","366,999.66",353,07 Aug 2020,7 BULIM STREET,Resale,Land,"34,095.1","3,802",Warehouse,30 yrs from 01/09/2012,22,64,648175,West Region,Jurong West
ZERVEX,"370,888",807.3,459,07 Aug 2020,8 UBI ROAD 2 #06-11,Resale,Strata,75,"4,945",Warehouse,60 yrs from 30/06/2008,14,40,408538,Central Region,Geylang
OXLEY BIZHUB,"888,888","1,614.6",551,11 Aug 2020,65 UBI ROAD 1 #02-59,Resale,Strata,150,"5,926",Warehouse,60 yrs from 15/11/2010,14,40,408729,Central Region,Geylang
WCEGA TOWER,"725,000","1,840.64",394,20 Aug 2020,21 BUKIT BATOK CRESCENT #02-75,Resale,Strata,171,"4,240",Warehouse,60 yrs from 13/03/1997,23,65,658065,West Region,Bukit Batok
ELITE INDUSTRIAL BUILDING I,"1,860,000","3,056.98",608,27 Aug 2020,32 KALLANG PUDDING ROAD #02-05,Resale,Strata,284,"6,549",Warehouse,Freehold,13,34,349313,Central Region,Geylang
N.A.,"5,000,000","127,975.35",39,31 Aug 2020,12 BENOI SECTOR,Resale,Land,"11,889.2",421,Warehouse,18.80 yrs from 16/03/2012,22,62,629846,West Region,Pioneer
I.BIZ CENTRE,"580,000","3,412.19",170,02 Sep 2020,32 OLD TOH TUCK ROAD #02-05,Resale,Strata,317,"1,830",Warehouse,30 yrs from 29/06/2011,21,59,597658,West Region,Clementi
ORION @ PAYA LEBAR,"1,200,000","1,474.67",814,10 Sep 2020,160 PAYA LEBAR ROAD #07-08,Resale,Strata,137,"8,759",Warehouse,Freehold,14,40,409022,Central Region,Geylang
INTREPID WAREHOUSE COMPLEX,"1,650,000","9,752.18",169,18 Sep 2020,209 UBI AVENUE 4,Resale,Strata,906,"1,821",Warehouse,60 yrs from 19/10/1982,14,40,408806,Central Region,Geylang
OXLEY BIZHUB,"573,000","1,087.16",527,22 Sep 2020,65 UBI ROAD 1 #02-56,Resale,Strata,101,"5,673",Warehouse,60 yrs from 15/11/2010,14,40,408729,Central Region,Geylang
JOO SENG WAREHOUSE,"1,274,720","2,055.92",620,24 Sep 2020,1 UPPER ALJUNIED LINK #02-03,Resale,Strata,191,"6,674",Warehouse,Freehold,13,36,367901,Central Region,Toa Payoh
CITILINK WAREHOUSE COMPLEX,"850,000",947.23,897,24 Sep 2020,102F PASIR PANJANG ROAD #03-12,Resale,Strata,88,"9,659",Warehouse,Freehold,05,11,118530,Central Region,Queenstown
N.A.,"18,200,000","111,509.66",163,29 Sep 2020,6 CHANGI SOUTH STREET 3,Resale,Land,"10,359.5","1,757",Warehouse,30+30 yrs from 01/04/1996,16,48,486128,East Region,Tampines
CITILINK WAREHOUSE COMPLEX,"1,525,000","1,883.7",810,29 Sep 2020,102F PASIR PANJANG ROAD #06-03,Resale,Strata,175,"8,714",Warehouse,Freehold,05,11,118530,Central Region,Queenstown
QUARTZ INDUSTRIAL BUILDING,"800,888","1,248.62",641,05 Oct 2020,5 UPPER ALJUNIED LINK #02-06,Resale,Strata,116,"6,904",Warehouse,Freehold,13,36,367903,Central Region,Toa Payoh
RUBY WAREHOUSE COMPLEX,"289,000","1,496.2",193,06 Oct 2020,8 KAKI BUKIT ROAD 2 #03-09,Resale,Strata,139,"2,079",Warehouse,60 yrs from 07/12/1981,14,41,417841,East Region,Bedok
OXLEY BIZHUB,"620,000","1,377.79",450,14 Oct 2020,61 UBI ROAD 1 #03-32,Resale,Strata,128,"4,844",Warehouse,60 yrs from 15/11/2010,14,40,408727,Central Region,Geylang
TAGORE BUILDING,"1,265,000","3,164.62",400,16 Oct 2020,6 TAGORE DRIVE #02-16,Resale,Strata,294,"4,303",Warehouse,Freehold,26,78,787623,North East Region,Ang Mo Kio
LINK@AMK,"2,860,000","7,728.55",370,19 Oct 2020,3 ANG MO KIO STREET 62 #01-54,Resale,Strata,718,"3,983",Warehouse,60 yrs from 28/06/2011,20,56,569139,North East Region,Ang Mo Kio
TANNERY HOUSE,"1,250,000","1,980.58",631,22 Oct 2020,37 TANNERY LANE #04-02,Resale,Strata,184,"6,793",Warehouse,Freehold,13,34,347790,Central Region,Geylang
TANNERY HOUSE,"1,250,000","1,980.58",631,22 Oct 2020,37 TANNERY LANE #04-03,Resale,Strata,184,"6,793",Warehouse,Freehold,13,34,347790,Central Region,Geylang
OXLEY BIZHUB,"610,000","1,087.16",561,28 Oct 2020,61 UBI ROAD 1 #03-39,Resale,Strata,101,"6,040",Warehouse,60 yrs from 15/11/2010,14,40,408727,Central Region,Geylang
QUARTZ INDUSTRIAL BUILDING,"1,135,000","1,646.89",689,29 Oct 2020,5 UPPER ALJUNIED LINK #02-05,Resale,Strata,153,"7,418",Warehouse,Freehold,13,36,367903,Central Region,Toa Payoh
KEWALRAM HOUSE,"2,053,000","4,563.94",450,05 Nov 2020,8 JALAN KILANG TIMOR #01-07,Resale,Strata,424,"4,842",Warehouse,99 yrs from 01/01/1961,03,15,159305,Central Region,Bukit Merah
KEWALRAM HILLVIEW,"1,200,000","2,798.64",429,10 Nov 2020,120 HILLVIEW AVENUE #03-08,Resale,Strata,260,"4,615",Warehouse,999 yrs from 12/10/1885,23,66,669594,West Region,Bukit Batok
OXLEY BIZHUB 2,"980,000","1,894.46",517,17 Nov 2020,62 UBI ROAD 1 #01-09,Resale,Strata,176,"5,568",Warehouse,60 yrs from 10/06/2011,14,40,408734,Central Region,Geylang
LINK@AMK,"1,400,000","2,152.8",650,17 Nov 2020,3 ANG MO KIO STREET 62 #01-30,Resale,Strata,200,"7,000",Warehouse,60 yrs from 28/06/2011,20,56,569139,North East Region,Ang Mo Kio
LINK@AMK,"1,400,000","2,152.8",650,17 Nov 2020,3 ANG MO KIO STREET 62 #01-31,Resale,Strata,200,"7,000",Warehouse,60 yrs from 28/06/2011,20,56,569139,North East Region,Ang Mo Kio
OXLEY BIZHUB,"650,000","1,140.98",570,17 Nov 2020,65 UBI ROAD 1 #02-77,Resale,Strata,106,"6,132",Warehouse,60 yrs from 15/11/2010,14,40,408729,Central Region,Geylang
GORDON WAREHOUSE BUILDING,"290,000","1,668.42",174,19 Nov 2020,9 KAKI BUKIT ROAD 2 #03-34,Resale,Strata,155,"1,871",Warehouse,60 yrs from 25/07/1981,14,41,417842,East Region,Bedok
I.BIZ CENTRE,"638,000","3,110.8",205,20 Nov 2020,32 OLD TOH TUCK ROAD #04-02,Resale,Strata,289,"2,208",Warehouse,30 yrs from 29/06/2011,21,59,597658,West Region,Clementi
WESTLINK ONE,"875,000","2,615.65",335,23 Nov 2020,1 TUAS VIEW PLACE #01-11,Resale,Strata,243,"3,601",Warehouse,60 yrs from 20/11/1995,22,63,637433,West Region,Tuas
OXLEY BIZHUB,"522,800","1,065.64",491,25 Nov 2020,61 UBI ROAD 1 #03-40,Resale,Strata,99,"5,281",Warehouse,60 yrs from 15/11/2010,14,40,408727,Central Region,Geylang
I.BIZ CENTRE,"630,000","3,110.8",203,25 Nov 2020,32 OLD TOH TUCK ROAD #03-02,Resale,Strata,289,"2,180",Warehouse,30 yrs from 29/06/2011,21,59,597658,West Region,Clementi
VERTEX,"1,775,000","3,046.21",583,27 Nov 2020,33 UBI AVENUE 3 #01-44,Resale,Strata,283,"6,272",Warehouse,60 yrs from 01/01/2007,14,40,408868,Central Region,Geylang
VERTEX,"1,775,000","3,046.21",583,27 Nov 2020,33 UBI AVENUE 3 #01-43,Resale,Strata,283,"6,272",Warehouse,60 yrs from 01/01/2007,14,40,408868,Central Region,Geylang
BIG BOX,"118,000,000","609,724.63",194,04 Dec 2020,1 VENTURE AVENUE,Resale,Land,"56,644.8","2,083",Warehouse,30 yrs from 23/03/2007,22,60,608521,West Region,Jurong East
LINK@AMK,"1,448,888","2,152.8",673,08 Dec 2020,3 ANG MO KIO STREET 62 #01-04,Resale,Strata,200,"7,244",Warehouse,60 yrs from 28/06/2011,20,56,569139,North East Region,Ang Mo Kio
MIDVIEW BUILDING,"425,888","1,560.78",273,11 Dec 2020,50 BUKIT BATOK STREET 23 #05-23,Resale,Strata,145,"2,937",Warehouse,60 yrs from 13/03/1997,23,65,659578,West Region,Bukit Batok
HILLVIEW WAREHOUSE,"620,000","1,194.8",519,14 Dec 2020,29 HILLVIEW TERRACE #06-01,Resale,Strata,111,"5,586",Warehouse,Freehold,23,66,669245,West Region,Bukit Batok
N.A.,"7,500,000","4,375.57","1,714",15 Dec 2020,41 GENTING ROAD,Resale,Land,406.5,"18,450",Warehouse,Freehold,13,34,349486,Central Region,Geylang
OXLEY BIZHUB,"695,000","1,140.98",609,15 Dec 2020,61 UBI ROAD 1 #02-04,Resale,Strata,106,"6,557",Warehouse,60 yrs from 15/11/2010,14,40,408727,Central Region,Geylang
QUARTZ INDUSTRIAL BUILDING,"2,486,250","3,315.31",750,21 Dec 2020,5 UPPER ALJUNIED LINK #01-04,Resale,Strata,308,"8,072",Warehouse,Freehold,13,36,367903,Central Region,Toa Payoh
JOO SENG WAREHOUSE,"1,238,888","2,109.74",587,23 Dec 2020,3 UPPER ALJUNIED LINK #06-03,Resale,Strata,196,"6,321",Warehouse,Freehold,13,36,367902,Central Region,Toa Payoh
GUAN HUA WAREHOUSE,"272,000","1,722.24",158,18 Jan 2021,85 GENTING LANE #04-03,Resale,Strata,160,"1,700",Warehouse,60 yrs from 04/12/1981,13,34,349569,Central Region,Geylang
WESTLINK TWO,"950,000","3,713.58",256,18 Jan 2021,71 TUAS VIEW PLACE #02-01,Resale,Strata,345,"2,754",Warehouse,60 yrs from 20/11/1995,22,63,637434,West Region,Tuas
RICHFIELD INDUSTRIAL CENTRE,"380,000","1,517.72",250,20 Jan 2021,122 EUNOS AVENUE 7 #01-02,Resale,Strata,141,"2,695",Warehouse,60 yrs from 14/11/1981,14,40,409575,Central Region,Geylang
OXLEY BIZHUB,"780,000","1,603.84",486,22 Jan 2021,61 UBI ROAD 1 #04-13,Resale,Strata,149,"5,235",Warehouse,60 yrs from 15/11/2010,14,40,408727,Central Region,Geylang
ZERVEX,"900,000","1,948.28",462,25 Jan 2021,8 UBI ROAD 2 #02-14,Resale,Strata,181,"4,972",Warehouse,60 yrs from 30/06/2008,14,40,408538,Central Region,Geylang
LINK@AMK,"3,700,000","7,728.55",479,26 Jan 2021,3 ANG MO KIO STREET 62 #01-48,Resale,Strata,718,"5,153",Warehouse,60 yrs from 28/06/2011,20,56,569139,North East Region,Ang Mo Kio
LINK@AMK,"3,700,000","7,728.55",479,26 Jan 2021,3 ANG MO KIO STREET 62 #01-55,Resale,Strata,718,"5,153",Warehouse,60 yrs from 28/06/2011,20,56,569139,North East Region,Ang Mo Kio
RUBY WAREHOUSE COMPLEX,"350,000","1,496.2",234,03 Feb 2021,8 KAKI BUKIT ROAD 2 #03-26,Resale,Strata,139,"2,518",Warehouse,60 yrs from 07/12/1981,14,41,417841,East Region,Bedok
ZERVEX,"2,650,000","5,414.29",489,03 Feb 2021,"8 UBI ROAD 2 #02-01,02,03",Resale,Strata,503,"5,268",Warehouse,60 yrs from 30/06/2008,14,40,408538,Central Region,Geylang
TAGORE BUILDING,"1,128,850","2,109.74",535,18 Feb 2021,6 TAGORE DRIVE #04-21,Resale,Strata,196,"5,759",Warehouse,Freehold,26,78,787623,North East Region,Ang Mo Kio
TAGORE BUILDING,"1,048,065","1,959.05",535,18 Feb 2021,6 TAGORE DRIVE #04-22,Resale,Strata,182,"5,759",Warehouse,Freehold,26,78,787623,North East Region,Ang Mo Kio
TAGORE BUILDING,"846,370","1,582.31",535,18 Feb 2021,6 TAGORE DRIVE #04-23,Resale,Strata,147,"5,758",Warehouse,Freehold,26,78,787623,North East Region,Ang Mo Kio
TAGORE BUILDING,"1,531,705","2,863.22",535,18 Feb 2021,6 TAGORE DRIVE #04-24,Resale,Strata,266,"5,758",Warehouse,Freehold,26,78,787623,North East Region,Ang Mo Kio
QUARTZ INDUSTRIAL BUILDING,"850,000","1,248.62",681,19 Feb 2021,5 UPPER ALJUNIED LINK #03-06,Resale,Strata,116,"7,328",Warehouse,Freehold,13,36,367903,Central Region,Toa Payoh
UB. ONE,"740,000","1,302.44",568,23 Feb 2021,81 UBI AVENUE 4 #03-30,Resale,Strata,121,"6,116",Warehouse,60 yrs from 31/12/2008,14,40,408830,Central Region,Geylang
NORTH LINK BUILDING,"1,188,000","5,188.25",229,03 Mar 2021,10 ADMIRALTY STREET #01-49,Resale,Strata,482,"2,465",Warehouse,60 yrs from 09/10/1999,27,75,757695,North Region,Sembawang
TAGORE BUILDING,"1,100,000","1,980.58",555,10 Mar 2021,6 TAGORE DRIVE #02-03,Resale,Strata,184,"5,978",Warehouse,Freehold,26,78,787623,North East Region,Ang Mo Kio
N.A.,"8,300,000","10,426.01",796,12 Mar 2021,2 CHANG CHARN ROAD,Resale,Land,968.6,"8,569",Warehouse,99 yrs from 01/01/1958,03,15,159631,Central Region,Bukit Merah
TANNERY HOUSE,"1,300,000","1,980.58",656,15 Mar 2021,37 TANNERY LANE #06-10,Resale,Strata,184,"7,065",Warehouse,Freehold,13,34,347790,Central Region,Geylang
UOB WAREHOUSE,"3,000,000","13,831.74",217,16 Mar 2021,3 KAKI BUKIT ROAD 2 #01-02,Resale,Strata,"1,285","2,335",Warehouse,60 yrs from 11/01/1982,14,41,417837,East Region,Bedok
WESTLINK TWO,"920,000","3,347.6",275,16 Mar 2021,71 TUAS VIEW PLACE #02-10,Resale,Strata,311,"2,958",Warehouse,60 yrs from 20/11/1995,22,63,637434,West Region,Tuas
CLEMENTI WEST LOGISPARK,"46,000,000","200,217.93",230,17 Mar 2021,5 CLEMENTI LOOP,Resale,Land,"18,600.7","2,473",Warehouse,30+30 yrs from 01/11/1994,05,12,129816,West Region,Clementi
UOB WAREHOUSE,"2,880,000","14,466.82",199,31 Mar 2021,3 KAKI BUKIT ROAD 2 #01-06,Resale,Strata,"1,344","2,143",Warehouse,60 yrs from 11/01/1982,14,41,417837,East Region,Bedok
GORDON WAREHOUSE BUILDING,"440,000","1,819.12",242,31 Mar 2021,9 KAKI BUKIT ROAD 2 #04-19,Resale,Strata,169,"2,604",Warehouse,60 yrs from 25/07/1981,14,41,417842,East Region,Bedok
CSI DISTRIBUTION CENTRE,"840,000","1,367.03",614,01 Apr 2021,2 KIM CHUAN DRIVE #04-06,Resale,Strata,127,"6,614",Warehouse,Freehold,19,53,537080,North East Region,Hougang
GTW INDUSTRIAL BUILDING,"30,380,000","49,553.15",613,09 Apr 2021,11 TAI SENG DRIVE,Resale,Land,"4,603.6","6,599",Warehouse,30+30 yrs from 01/11/1993,19,53,535226,North East Region,Hougang
VERTEX,"3,080,000","7,007.36",440,12 Apr 2021,33 UBI AVENUE 3 #03-08,Resale,Strata,651,"4,731",Warehouse,60 yrs from 01/01/2007,14,40,408868,Central Region,Geylang
CITILINK WAREHOUSE COMPLEX,"1,050,000","1,194.8",879,21 Apr 2021,102F PASIR PANJANG ROAD #03-05,Resale,Strata,111,"9,459",Warehouse,Freehold,05,11,118530,Central Region,Queenstown
ALOG CHANGI DISTRICENTRE 2,"16,700,000","65,762.66",254,22 Apr 2021,3 CHANGI SOUTH STREET 3,Resale,Land,"6,109.5","2,733",Warehouse,30+30 yrs from 16/02/1996,16,48,486351,East Region,Tampines
TYE SOON BUILDING,"32,025,000","79,719.26",402,26 Apr 2021,3C TOH GUAN ROAD EAST,Resale,Land,"7,406.1","4,324",Warehouse,30+30 yrs from 16/02/1991,22,60,608832,West Region,Clementi
CITY WAREHOUSE,"2,900,000","5,564.99",521,27 Apr 2021,5 KAKI BUKIT ROAD 2 #01-02,Resale,Strata,517,"5,609",Warehouse,60 yrs from 17/12/1981,14,41,417839,East Region,Bedok
CITY WAREHOUSE,"2,900,000","11,915.75",243,27 Apr 2021,5 KAKI BUKIT ROAD 2 #01-03,Resale,Strata,"1,107","2,620",Warehouse,60 yrs from 17/12/1981,14,41,417839,East Region,Bedok
CITILINK WAREHOUSE COMPLEX,"1,350,000","1,614.6",836,05 May 2021,102F PASIR PANJANG ROAD #04-08,Resale,Strata,150,"9,000",Warehouse,Freehold,05,11,118530,Central Region,Queenstown
OXLEY BIZHUB 2,"968,000","1,894.46",511,07 May 2021,62 UBI ROAD 1 #01-41,Resale,Strata,176,"5,500",Warehouse,60 yrs from 10/06/2011,14,40,408734,Central Region,Geylang
ENTERPRISE HUB,"940,000","4,520.88",208,10 May 2021,48 TOH GUAN ROAD EAST #06-116,Resale,Strata,420,"2,238",Warehouse,60 yrs from 01/12/1997,22,60,608586,West Region,Clementi
UB. ONE,"1,400,000","2,604.89",537,11 May 2021,"81 UBI AVENUE 4 #03-21,22",Resale,Strata,242,"5,785",Warehouse,60 yrs from 31/12/2008,14,40,408830,Central Region,Geylang
NOBLE LOGISTICS,"1,351,000","2,163.56",624,19 May 2021,49 TANNERY LANE #06-04,Resale,Strata,201,"6,721",Warehouse,Freehold,13,34,347796,Central Region,Geylang
EUNOS WAREHOUSE COMPLEX,"600,000","3,702.82",162,21 May 2021,1 KAKI BUKIT ROAD 2 #02-07,Resale,Strata,344,"1,744",Warehouse,60 yrs from 11/01/1982,14,41,417835,East Region,Bedok
NOBLE LOGISTICS,"965,000","1,550.02",623,21 May 2021,49 TANNERY LANE #04-06,Resale,Strata,144,"6,701",Warehouse,Freehold,13,34,347796,Central Region,Geylang
MANDAI INDUSTRIAL BUILDING,"680,000","1,603.84",424,27 May 2021,30 MANDAI ESTATE #04-03,Resale,Strata,149,"4,564",Warehouse,Freehold,25,72,729918,North Region,Sungei Kadut
ELITE INDUSTRIAL BUILDING I,"1,837,850","3,056.98",601,27 May 2021,32 KALLANG PUDDING ROAD #06-05,Resale,Strata,284,"6,471",Warehouse,Freehold,13,34,349313,Central Region,Geylang
TANNERY HOUSE,"1,440,979","2,002.1",720,31 May 2021,37 TANNERY LANE #07-02,Resale,Strata,186,"7,747",Warehouse,Freehold,13,34,347790,Central Region,Geylang
JOO SENG WAREHOUSE,"1,280,000","2,109.74",607,07 Jun 2021,3 UPPER ALJUNIED LINK #07-04,Resale,Strata,196,"6,531",Warehouse,Freehold,13,36,367902,Central Region,Toa Payoh
OXLEY BIZHUB,"530,000",936.47,566,18 Jun 2021,61 UBI ROAD 1 #03-41,Resale,Strata,87,"6,092",Warehouse,60 yrs from 15/11/2010,14,40,408727,Central Region,Geylang
OXLEY BIZHUB,"635,000",990.29,641,21 Jun 2021,65 UBI ROAD 1 #03-55,Resale,Strata,92,"6,902",Warehouse,60 yrs from 15/11/2010,14,40,408729,Central Region,Geylang
TANNERY HOUSE,"1,496,800","2,346.55",638,24 Jun 2021,37 TANNERY LANE #06-05,Resale,Strata,218,"6,866",Warehouse,Freehold,13,34,347790,Central Region,Geylang
GLOBAL TRADE LOGISTICS CENTRE,"112,000,000","240,989.81",465,25 Jun 2021,46A TANJONG PENJURU,Resale,Land,"22,388.5","5,003",Warehouse,30+14 yrs from 01/05/2006,22,60,609040,West Region,Jurong East
VERTEX,"1,000,000","2,368.08",422,25 Jun 2021,33 UBI AVENUE 3 #03-29,Resale,Strata,220,"4,545",Warehouse,60 yrs from 01/01/2007,14,40,408868,Central Region,Geylang
HILLVIEW WAREHOUSE,"930,000","1,862.17",499,28 Jun 2021,29 HILLVIEW TERRACE #04-03,Resale,Strata,173,"5,376",Warehouse,Freehold,23,66,669245,West Region,Bukit Batok
HILLVIEW WAREHOUSE,"850,000","1,722.24",494,28 Jun 2021,29 HILLVIEW TERRACE #04-04,Resale,Strata,160,"5,313",Warehouse,Freehold,23,66,669245,West Region,Bukit Batok
CITILINK WAREHOUSE COMPLEX,"1,519,368","1,711.48",888,28 Jun 2021,102F PASIR PANJANG ROAD #05-02,Resale,Strata,159,"9,556",Warehouse,Freehold,05,11,118530,Central Region,Queenstown
OXLEY BIZHUB 2,"1,000,000","1,872.94",534,29 Jun 2021,62 UBI ROAD 1 #01-10,Resale,Strata,174,"5,747",Warehouse,60 yrs from 10/06/2011,14,40,408734,Central Region,Geylang
TRIVEX,"950,000","1,302.44",729,02 Jul 2021,8 BURN ROAD #01-01,Resale,Strata,121,"7,851",Warehouse,60 yrs from 20/05/2008,13,36,369977,Central Region,Toa Payoh
N.A.,"49,679,987","269,090.31",185,06 Jul 2021,28 QUALITY ROAD,Resale,Land,"24,999.1","1,987",Warehouse,30+30 yrs from 01/06/2007,22,61,618828,West Region,Boon Lay
TRIVEX,"1,010,000","1,603.84",630,08 Jul 2021,8 BURN ROAD #01-02,Resale,Strata,149,"6,779",Warehouse,60 yrs from 20/05/2008,13,36,369977,Central Region,Toa Payoh
N.A.,"24,500,000","92,693.11",264,09 Jul 2021,9 CHANGI SOUTH STREET 2,Resale,Land,"8,611.4","2,845",Warehouse,30+30 yrs from 16/10/1994,16,48,486631,East Region,Tampines
OXLEY BIZHUB,"632,000",958,660,12 Jul 2021,65 UBI ROAD 1 #03-51,Resale,Strata,89,"7,101",Warehouse,60 yrs from 15/11/2010,14,40,408729,Central Region,Geylang
OXLEY BIZHUB,"660,000","1,119.46",590,12 Jul 2021,65 UBI ROAD 1 #03-82,Resale,Strata,104,"6,346",Warehouse,60 yrs from 15/11/2010,14,40,408729,Central Region,Geylang
MANDAI INDUSTRIAL BUILDING,"760,000","1,797.59",423,14 Jul 2021,30 MANDAI ESTATE #04-07,Resale,Strata,167,"4,551",Warehouse,Freehold,25,72,729918,North Region,Sungei Kadut
ORION @ PAYA LEBAR,"1,293,000","1,420.85",910,15 Jul 2021,160 PAYA LEBAR ROAD #02-06,Resale,Strata,132,"9,795",Warehouse,Freehold,14,40,409022,Central Region,Geylang
ZERVEX,"1,620,000","1,862.17",870,29 Jul 2021,8 UBI ROAD 2 #01-10,Resale,Strata,173,"9,364",Warehouse,60 yrs from 30/06/2008,14,40,408538,Central Region,Geylang
JOO SENG WAREHOUSE,"2,210,736","3,498.3",632,29 Jul 2021,1 UPPER ALJUNIED LINK #08-06,Resale,Strata,325,"6,802",Warehouse,Freehold,13,36,367901,Central Region,Toa Payoh
TRIVEX,"1,025,000","1,603.84",639,02 Aug 2021,8 BURN ROAD #01-03,Resale,Strata,149,"6,879",Warehouse,60 yrs from 20/05/2008,13,36,369977,Central Region,Toa Payoh
LINK@AMK,"1,458,888","2,152.8",678,12 Aug 2021,3 ANG MO KIO STREET 62 #01-05,Resale,Strata,200,"7,294",Warehouse,60 yrs from 28/06/2011,20,56,569139,North East Region,Ang Mo Kio
NORTH LINK BUILDING,"1,170,000","5,188.25",226,13 Aug 2021,10 ADMIRALTY STREET #01-24,Resale,Strata,482,"2,427",Warehouse,60 yrs from 09/10/1999,27,75,757695,North Region,Sembawang
ELITE INDUSTRIAL BUILDING II,"2,760,750","4,090.32",675,18 Aug 2021,"47 TANNERY LANE #04-05,06",Resale,Strata,380,"7,265",Warehouse,Freehold,13,34,347794,Central Region,Geylang
I.BIZ CENTRE,"850,000","2,938.57",289,18 Aug 2021,32 OLD TOH TUCK ROAD #01-09,Resale,Strata,273,"3,114",Warehouse,30 yrs from 29/06/2011,21,59,597658,West Region,Clementi
JOO SENG WAREHOUSE,"1,350,000","2,109.74",640,20 Aug 2021,1 UPPER ALJUNIED LINK #04-04,Resale,Strata,196,"6,888",Warehouse,Freehold,13,36,367901,Central Region,Toa Payoh
GUAN HUA WAREHOUSE,"320,000","1,722.24",186,23 Aug 2021,85 GENTING LANE #02-02,Resale,Strata,160,"2,000",Warehouse,60 yrs from 04/12/1981,13,34,349569,Central Region,Geylang
CSI DISTRIBUTION CENTRE,"950,000","1,528.49",622,25 Aug 2021,2 KIM CHUAN DRIVE #04-07,Resale,Strata,142,"6,690",Warehouse,Freehold,19,53,537080,North East Region,Hougang
I.BIZ CENTRE,"1,880,000","3,939.62",477,25 Aug 2021,32 OLD TOH TUCK ROAD #01-17,Resale,Strata,366,"5,137",Warehouse,30 yrs from 29/06/2011,21,59,597658,West Region,Clementi
NOBLE LOGISTICS,"3,056,832","5,306.65",576,25 Aug 2021,49 TANNERY LANE #02-02,Resale,Strata,493,"6,200",Warehouse,Freehold,13,34,347796,Central Region,Geylang
NOBLE LOGISTICS,"2,244,096","3,896.57",576,25 Aug 2021,49 TANNERY LANE #03-01,Resale,Strata,362,"6,199",Warehouse,Freehold,13,34,347796,Central Region,Geylang
NOBLE LOGISTICS,"892,800","1,550.02",576,25 Aug 2021,49 TANNERY LANE #03-06,Resale,Strata,144,"6,200",Warehouse,Freehold,13,34,347796,Central Region,Geylang
WESTLINK ONE,"880,000","2,744.82",321,27 Aug 2021,1 TUAS VIEW PLACE #02-05,Resale,Strata,255,"3,451",Warehouse,60 yrs from 20/11/1995,22,63,637433,West Region,Tuas
LTH BUILDING,"40,100,000","85,423.1",469,30 Aug 2021,10 JALAN KILANG TIMOR #05-04A ETC,Resale,Strata,"7,936","5,053",Warehouse,99 yrs from 01/07/1962,03,15,159306,Central Region,Bukit Merah
MANDAI INDUSTRIAL BUILDING,"1,000,000","2,400.37",417,03 Sep 2021,30 MANDAI ESTATE #04-02,Resale,Strata,223,"4,484",Warehouse,Freehold,25,72,729918,North Region,Sungei Kadut
OXLEY BIZHUB,"650,000","1,033.34",629,03 Sep 2021,61 UBI ROAD 1 #03-30,Resale,Strata,96,"6,771",Warehouse,60 yrs from 15/11/2010,14,40,408727,Central Region,Geylang
LINK@AMK,"3,100,000","7,911.54",392,06 Sep 2021,3 ANG MO KIO STREET 62 #01-64,Resale,Strata,735,"4,218",Warehouse,60 yrs from 28/06/2011,20,56,569139,North East Region,Ang Mo Kio
JOO SENG WAREHOUSE,"2,675,000","4,219.49",634,06 Sep 2021,"1 UPPER ALJUNIED LINK #07-04,05",Resale,Strata,392,"6,824",Warehouse,Freehold,13,36,367901,Central Region,Toa Payoh
CITILINK WAREHOUSE COMPLEX,"923,000",947.23,974,09 Sep 2021,102E PASIR PANJANG ROAD #02-12,Resale,Strata,88,"10,489",Warehouse,Freehold,05,11,118529,Central Region,Queenstown
CITILINK WAREHOUSE COMPLEX,"950,000",947.23,"1,003",09 Sep 2021,102F PASIR PANJANG ROAD #05-12,Resale,Strata,88,"10,795",Warehouse,Freehold,05,11,118530,Central Region,Queenstown
LINK@AMK,"3,600,000","7,911.54",455,10 Sep 2021,3 ANG MO KIO STREET 62 #01-65,Resale,Strata,735,"4,898",Warehouse,60 yrs from 28/06/2011,20,56,569139,North East Region,Ang Mo Kio
AMA BUILDING,"810,000","1,044.11",776,15 Sep 2021,50 KALLANG PUDDING ROAD #07-07,Resale,Strata,97,"8,351",Warehouse,Freehold,13,34,349326,Central Region,Geylang
ELITE INDUSTRIAL BUILDING I,"831,285","1,420.85",585,17 Sep 2021,32 KALLANG PUDDING ROAD #05-04,Resale,Strata,132,"6,298",Warehouse,Freehold,13,34,349313,Central Region,Geylang
ELITE INDUSTRIAL BUILDING I,"1,599,390","2,734.06",585,20 Sep 2021,32 KALLANG PUDDING ROAD #05-02,Resale,Strata,254,"6,297",Warehouse,Freehold,13,34,349313,Central Region,Geylang
ELITE INDUSTRIAL BUILDING I,"1,687,725","2,884.75",585,21 Sep 2021,32 KALLANG PUDDING ROAD #05-01,Resale,Strata,268,"6,297",Warehouse,Freehold,13,34,349313,Central Region,Geylang
RUBY WAREHOUSE COMPLEX,"595,000","2,895.52",205,23 Sep 2021,8 KAKI BUKIT ROAD 2 #04-31,Resale,Strata,269,"2,212",Warehouse,60 yrs from 07/12/1981,14,41,417841,East Region,Bedok
CITILINK WAREHOUSE COMPLEX,"1,660,000","1,711.48",970,23 Sep 2021,102F PASIR PANJANG ROAD #08-02,Resale,Strata,159,"10,440",Warehouse,Freehold,05,11,118530,Central Region,Queenstown
TRIVEX,"636,000",968.76,657,24 Sep 2021,8 BURN ROAD #06-06,Resale,Strata,90,"7,067",Warehouse,60 yrs from 20/05/2008,13,36,369977,Central Region,Toa Payoh
TAGORE BUILDING,"928,000","1,528.49",607,24 Sep 2021,6 TAGORE DRIVE #04-14,Resale,Strata,142,"6,535",Warehouse,Freehold,26,78,787623,North East Region,Ang Mo Kio
TANNERY HOUSE,"1,509,750","2,012.87",750,30 Sep 2021,37 TANNERY LANE #06-09,Resale,Strata,187,"8,074",Warehouse,Freehold,13,34,347790,Central Region,Geylang
KEWALRAM HOUSE,"1,500,000","3,681.29",407,22 Oct 2021,8 JALAN KILANG TIMOR #03-02,Resale,Strata,342,"4,386",Warehouse,99 yrs from 01/01/1961,03,15,159305,Central Region,Bukit Merah
RUBY WAREHOUSE COMPLEX,"600,000","2,163.56",277,25 Oct 2021,8 KAKI BUKIT ROAD 2 #04-34,Resale,Strata,201,"2,985",Warehouse,60 yrs from 07/12/1981,14,41,417841,East Region,Bedok
ORION @ PAYA LEBAR,"1,860,000","2,002.1",929,25 Oct 2021,160 PAYA LEBAR ROAD #03-07,Resale,Strata,186,"10,000",Warehouse,Freehold,14,40,409022,Central Region,Geylang
NOVELTY BIZCENTRE,"1,370,000","1,388.56",987,26 Oct 2021,18 HOWARD ROAD #03-06,Resale,Strata,129,"10,620",Warehouse,Freehold,13,36,369585,Central Region,Toa Payoh
MANDAI INDUSTRIAL BUILDING,"907,000","2,185.09",415,28 Oct 2021,30 MANDAI ESTATE #03-04,Resale,Strata,203,"4,468",Warehouse,Freehold,25,72,729918,North Region,Sungei Kadut
N.A.,"2,360,000","3,347.6",705,29 Oct 2021,15 LITTLE ROAD #02-01,Resale,Strata,311,"7,588",Warehouse,Freehold,19,53,536988,Central Region,Toa Payoh
CARROS CENTRE,"1,488,570","1,711.48",870,03 Nov 2021,60 JALAN LAM HUAT #03-10,Resale,Strata,159,"9,362",Warehouse,Freehold,25,73,737869,North Region,Sungei Kadut
NOBLE LOGISTICS,"892,800","1,550.02",576,08 Nov 2021,49 TANNERY LANE #04-02,Resale,Strata,144,"6,200",Warehouse,Freehold,13,34,347796,Central Region,Geylang
OXLEY BIZHUB,"740,000","1,560.78",474,09 Nov 2021,65 UBI ROAD 1 #04-27,Resale,Strata,145,"5,103",Warehouse,60 yrs from 15/11/2010,14,40,408729,Central Region,Geylang
THE WESTCOM,"1,350,000","6,113.95",221,10 Nov 2021,"1 TUAS SOUTH AVENUE 6 #03-21,22",Resale,Strata,568,"2,377",Warehouse,60 yrs from 09/07/1996,22,63,637021,West Region,Tuas
OXLEY BIZHUB,"790,000","1,689.95",467,12 Nov 2021,61 UBI ROAD 1 #04-17,Resale,Strata,157,"5,032",Warehouse,60 yrs from 15/11/2010,14,40,408727,Central Region,Geylang
SHUN LI INDUSTRIAL COMPLEX,"1,803,000","1,711.48","1,053",16 Nov 2021,705 SIMS DRIVE #01-06,Resale,Strata,159,"11,340",Warehouse,Freehold,14,38,387384,Central Region,Geylang
ELITE INDUSTRIAL BUILDING II,"2,129,760","3,132.32",680,19 Nov 2021,47 TANNERY LANE #05-02,Resale,Strata,291,"7,319",Warehouse,Freehold,13,34,347794,Central Region,Geylang
N.A.,"16,500,000","10,930.84","1,509",19 Nov 2021,6 JALAN LEMBAH KALLANG,Resale,Land,"1,015.5","16,248",Warehouse,99 yrs from 01/01/1965,12,33,339562,Central Region,Kallang
INTREPID WAREHOUSE COMPLEX,"1,880,000","9,396.97",200,22 Nov 2021,221 UBI AVENUE 4,Resale,Strata,873,"2,153",Warehouse,60 yrs from 19/10/1982,14,40,408812,Central Region,Geylang
ELITE INDUSTRIAL BUILDING I,"1,010,000","1,420.85",711,30 Nov 2021,32 KALLANG PUDDING ROAD #05-03,Resale,Strata,132,"7,652",Warehouse,Freehold,13,34,349313,Central Region,Geylang
CITILINK WAREHOUSE COMPLEX,"1,600,000","1,614.6",991,01 Dec 2021,102F PASIR PANJANG ROAD #06-08,Resale,Strata,150,"10,667",Warehouse,Freehold,05,11,118530,Central Region,Queenstown
N.A.,"24,500,000","92,693.11",264,02 Dec 2021,9 CHANGI SOUTH STREET 2,Resale,Land,"8,611.4","2,845",Warehouse,30+30 yrs from 16/10/1994,16,48,486631,East Region,Tampines
LIBERTY WAREHOUSE,"620,010","1,119.46",554,02 Dec 2021,220 TAGORE LANE #03-16,Resale,Strata,104,"5,962",Warehouse,Freehold,26,78,787600,North East Region,Ang Mo Kio
OXLEY BIZHUB,"740,000","1,248.62",593,10 Dec 2021,65 UBI ROAD 1 #02-84,Resale,Strata,116,"6,379",Warehouse,60 yrs from 15/11/2010,14,40,408729,Central Region,Geylang
OXLEY BIZHUB,"1,250,000","1,980.58",631,13 Dec 2021,65 UBI ROAD 1 #01-89,Resale,Strata,184,"6,793",Warehouse,60 yrs from 15/11/2010,14,40,408729,Central Region,Geylang
OXLEY BIZHUB,"660,000","1,033.34",639,13 Dec 2021,61 UBI ROAD 1 #03-28,Resale,Strata,96,"6,875",Warehouse,60 yrs from 15/11/2010,14,40,408727,Central Region,Geylang
INNOVATION PLACE,"1,800,000","2,734.06",658,15 Dec 2021,31 MANDAI ESTATE #01-03,Resale,Strata,254,"7,087",Warehouse,Freehold,25,72,729933,North Region,Sungei Kadut
VERTEX,"1,825,000","3,046.21",599,15 Dec 2021,33 UBI AVENUE 3 #01-39,Resale,Strata,283,"6,449",Warehouse,60 yrs from 01/01/2007,14,40,408868,Central Region,Geylang
VERTEX,"1,825,000","3,046.21",599,15 Dec 2021,33 UBI AVENUE 3 #01-40,Resale,Strata,283,"6,449",Warehouse,60 yrs from 01/01/2007,14,40,408868,Central Region,Geylang
TAGORE BUILDING,"1,371,500","2,109.74",650,17 Dec 2021,6 TAGORE DRIVE #02-20,Resale,Strata,196,"6,997",Warehouse,Freehold,26,78,787623,North East Region,Ang Mo Kio
OXLEY BIZHUB,"710,000","1,140.98",622,21 Dec 2021,61 UBI ROAD 1 #02-19,Resale,Strata,106,"6,698",Warehouse,60 yrs from 15/11/2010,14,40,408727,Central Region,Geylang
N.A.,"11,636,896","403,401.35",29,22 Dec 2021,301 JALAN AHMAD IBRAHIM,Resale,Land,"37,476.9",311,Warehouse,30+10 yrs from 01/04/2001,22,63,639526,West Region,Tuas
JOO SENG WAREHOUSE,"1,340,000","2,109.74",635,23 Dec 2021,1 UPPER ALJUNIED LINK #08-05,Resale,Strata,196,"6,837",Warehouse,Freehold,13,36,367901,Central Region,Toa Payoh
OXLEY BIZHUB,"630,000",958,658,27 Dec 2021,65 UBI ROAD 1 #03-53,Resale,Strata,89,"7,079",Warehouse,60 yrs from 15/11/2010,14,40,408729,Central Region,Geylang
TANNERY HOUSE,"1,400,000","1,980.58",707,30 Dec 2021,37 TANNERY LANE #05-03,Resale,Strata,184,"7,609",Warehouse,Freehold,13,34,347790,Central Region,Geylang
LAM CHUAN BUILDING,"9,500,000","5,366.93","1,770",03 Jan 2022,14 TAGORE LANE,Resale,Land,498.6,"19,053",Warehouse,Freehold,26,78,787475,North East Region,Ang Mo Kio
JOO SENG WAREHOUSE,"2,400,000","3,498.3",686,03 Jan 2022,1 UPPER ALJUNIED LINK #04-06,Resale,Strata,325,"7,385",Warehouse,Freehold,13,36,367901,Central Region,Toa Payoh
JOO SENG WAREHOUSE,"2,400,000","3,498.3",686,03 Jan 2022,1 UPPER ALJUNIED LINK #06-06,Resale,Strata,325,"7,385",Warehouse,Freehold,13,36,367901,Central Region,Toa Payoh
NOBLE LOGISTICS,"1,000,000","1,550.02",645,04 Jan 2022,49 TANNERY LANE #06-06,Resale,Strata,144,"6,944",Warehouse,Freehold,13,34,347796,Central Region,Geylang
THE WESTCOM,"1,200,000","4,251.78",282,11 Jan 2022,1 TUAS SOUTH AVENUE 6 #01-15,Resale,Strata,395,"3,038",Warehouse,60 yrs from 09/07/1996,22,63,637021,West Region,Tuas
OXLEY BIZHUB,"700,000","1,140.98",614,11 Jan 2022,61 UBI ROAD 1 #03-19,Resale,Strata,106,"6,604",Warehouse,60 yrs from 15/11/2010,14,40,408727,Central Region,Geylang
CITILINK WAREHOUSE COMPLEX,"1,550,000","1,614.6",960,13 Jan 2022,102F PASIR PANJANG ROAD #07-08,Resale,Strata,150,"10,333",Warehouse,Freehold,05,11,118530,Central Region,Queenstown
CARROS CENTRE,"3,661,830","4,208.72",870,14 Jan 2022,60 JALAN LAM HUAT #03-14,Resale,Strata,391,"9,365",Warehouse,Freehold,25,73,737869,North Region,Sungei Kadut
MIDVIEW BUILDING,"890,000","1,808.35",492,21 Jan 2022,50 BUKIT BATOK STREET 23 #01-19,Resale,Strata,168,"5,298",Warehouse,60 yrs from 13/03/1997,23,65,659578,West Region,Bukit Batok
MIDVIEW BUILDING,"1,300,000","2,906.28",447,11 Feb 2022,50 BUKIT BATOK STREET 23 #01-14,Resale,Strata,270,"4,815",Warehouse,60 yrs from 13/03/1997,23,65,659578,West Region,Bukit Batok
AMA BUILDING,"3,468,000","5,554.22",624,11 Feb 2022,50 KALLANG PUDDING ROAD #01-05,Resale,Strata,516,"6,721",Warehouse,Freehold,13,34,349326,Central Region,Geylang
LINK@AMK,"1,428,000","2,152.8",663,14 Feb 2022,3 ANG MO KIO STREET 62 #01-14,Resale,Strata,200,"7,140",Warehouse,60 yrs from 28/06/2011,20,56,569139,North East Region,Ang Mo Kio
NOBLE LOGISTICS,"2,350,000","3,638.23",646,25 Feb 2022,49 TANNERY LANE #06-07,Resale,Strata,338,"6,953",Warehouse,Freehold,13,34,347796,Central Region,Geylang
TONG XING COMPLEX,"1,380,000","6,716.74",205,03 Mar 2022,119 UBI AVENUE 4,Resale,Strata,624,"2,212",Warehouse,60 yrs from 19/10/1982,14,40,408765,Central Region,Geylang
CITY WAREHOUSE,"738,000","4,154.9",178,08 Mar 2022,5 KAKI BUKIT ROAD 2 #03-13,Resale,Strata,386,"1,912",Warehouse,60 yrs from 17/12/1981,14,41,417839,East Region,Bedok
I.BIZ CENTRE,"1,730,000","8,406.68",206,16 Mar 2022,32 OLD TOH TUCK ROAD #03-16,Resale,Strata,781,"2,215",Warehouse,30 yrs from 29/06/2011,21,59,597658,West Region,Clementi
LIBERTY WAREHOUSE,"630,000",882.65,714,18 Mar 2022,220 TAGORE LANE #01-01,Resale,Strata,82,"7,683",Warehouse,Freehold,26,78,787600,North East Region,Ang Mo Kio
PAN MALAYAN WAREHOUSE,"2,460,000","8,255.99",298,24 Mar 2022,167 UBI AVENUE 4,Resale,Strata,767,"3,207",Warehouse,60 yrs from 08/11/1982,14,40,408787,Central Region,Geylang
SINDO INDUSTRIAL ESTATE,"16,000,000","16,522.74",968,29 Mar 2022,93 TAGORE LANE,Resale,Land,"1,535","10,423",Warehouse,Freehold,26,78,787535,North East Region,Ang Mo Kio
WCEGA PLAZA,"1,230,000","2,777.11",443,30 Mar 2022,1 BUKIT BATOK CRESCENT #02-61,Resale,Strata,258,"4,767",Warehouse,60 yrs from 13/03/1997,23,65,658064,West Region,Bukit Batok
ELITE INDUSTRIAL BUILDING II,"2,124,615","3,056.98",695,30 Mar 2022,47 TANNERY LANE #05-01,Resale,Strata,284,"7,481",Warehouse,Freehold,13,34,347794,Central Region,Geylang
LIBERTY WAREHOUSE,"1,400,008","2,012.87",696,01 Apr 2022,220 TAGORE LANE #02-03,Resale,Strata,187,"7,487",Warehouse,Freehold,26,78,787600,North East Region,Ang Mo Kio
SINDO INDUSTRIAL ESTATE,"8,800,000","5,431.51","1,620",01 Apr 2022,42 TAGORE LANE,Resale,Land,504.6,"17,440",Warehouse,Freehold,26,78,787490,North East Region,Ang Mo Kio
UB. ONE,"1,080,000","1,410.08",766,07 Apr 2022,81 UBI AVENUE 4 #01-04,Resale,Strata,131,"8,244",Warehouse,60 yrs from 31/12/2008,14,40,408830,Central Region,Geylang
OXLEY BIZHUB,"680,000","1,065.64",638,11 Apr 2022,61 UBI ROAD 1 #02-22,Resale,Strata,99,"6,869",Warehouse,60 yrs from 15/11/2010,14,40,408727,Central Region,Geylang
VERTEX,"1,006,800","2,238.91",450,14 Apr 2022,33 UBI AVENUE 3 #02-22,Resale,Strata,208,"4,840",Warehouse,60 yrs from 01/01/2007,14,40,408868,Central Region,Geylang
JOO SENG WAREHOUSE,"1,480,000","2,109.74",702,14 Apr 2022,3 UPPER ALJUNIED LINK #07-03,Resale,Strata,196,"7,551",Warehouse,Freehold,13,36,367902,Central Region,Toa Payoh
PAN MALAYAN WAREHOUSE,"2,415,000","8,255.99",293,19 Apr 2022,175 UBI AVENUE 4,Resale,Strata,767,"3,149",Warehouse,60 yrs from 08/11/1982,14,40,408791,Central Region,Geylang
CITILINK WAREHOUSE COMPLEX,"1,810,000","1,851.41",978,20 Apr 2022,102E PASIR PANJANG ROAD #03-02,Resale,Strata,172,"10,523",Warehouse,Freehold,05,11,118529,Central Region,Queenstown
LINK@AMK,"1,500,000","2,152.8",697,27 Apr 2022,3 ANG MO KIO STREET 62 #01-07,Resale,Strata,200,"7,500",Warehouse,60 yrs from 28/06/2011,20,56,569139,North East Region,Ang Mo Kio
NOBLE LOGISTICS,"1,375,668","2,163.56",636,27 Apr 2022,49 TANNERY LANE #03-04,Resale,Strata,201,"6,844",Warehouse,Freehold,13,34,347796,Central Region,Geylang
I.BIZ CENTRE,"633,000","2,809.4",225,28 Apr 2022,32 OLD TOH TUCK ROAD #02-15,Resale,Strata,261,"2,425",Warehouse,30 yrs from 29/06/2011,21,59,597658,West Region,Clementi
OXLEY BIZHUB,"580,000",914.94,634,28 Apr 2022,63 UBI ROAD 1 #03-45,Resale,Strata,85,"6,824",Warehouse,60 yrs from 15/11/2010,14,40,408728,Central Region,Geylang
OXLEY BIZHUB,"668,000",958,697,28 Apr 2022,65 UBI ROAD 1 #03-52,Resale,Strata,89,"7,506",Warehouse,60 yrs from 15/11/2010,14,40,408729,Central Region,Geylang
OXLEY BIZHUB 2,"1,050,000","1,915.99",548,29 Apr 2022,62 UBI ROAD 1 #01-24,Resale,Strata,178,"5,899",Warehouse,60 yrs from 10/06/2011,14,40,408734,Central Region,Geylang
OXLEY BIZHUB 2,"1,150,000","1,915.99",600,29 Apr 2022,62 UBI ROAD 1 #01-35,Resale,Strata,178,"6,461",Warehouse,60 yrs from 10/06/2011,14,40,408734,Central Region,Geylang
LINK@AMK,"1,500,000","2,152.8",697,04 May 2022,3 ANG MO KIO STREET 62 #01-06,Resale,Strata,200,"7,500",Warehouse,60 yrs from 28/06/2011,20,56,569139,North East Region,Ang Mo Kio
LIBERTY WAREHOUSE,"1,200,000","1,722.24",697,05 May 2022,220 TAGORE LANE #02-07,Resale,Strata,160,"7,500",Warehouse,Freehold,26,78,787600,North East Region,Ang Mo Kio
OXLEY BIZHUB,"1,400,000","2,045.16",685,06 May 2022,61 UBI ROAD 1 #01-28,Resale,Strata,190,"7,368",Warehouse,60 yrs from 15/11/2010,14,40,408727,Central Region,Geylang
WCEGA PLAZA,"2,170,000","6,092.42",356,13 May 2022,1 BUKIT BATOK CRESCENT #02-52,Resale,Strata,566,"3,834",Warehouse,60 yrs from 13/03/1997,23,65,658064,West Region,Bukit Batok
WCEGA PLAZA,"1,430,000","3,702.82",386,13 May 2022,1 BUKIT BATOK CRESCENT #02-53,Resale,Strata,344,"4,157",Warehouse,60 yrs from 13/03/1997,23,65,658064,West Region,Bukit Batok
NORTH LINK BUILDING,"1,421,000","5,188.25",274,17 May 2022,10 ADMIRALTY STREET #01-63,Resale,Strata,482,"2,948",Warehouse,60 yrs from 09/10/1999,27,75,757695,North Region,Sembawang
SINDO INDUSTRIAL ESTATE,"8,888,888","7,778.07","1,143",17 May 2022,444 TAGORE INDUSTRIAL AVENUE,Resale,Land,722.6,"12,301",Warehouse,Freehold,26,78,787817,North East Region,Ang Mo Kio
UB. ONE,"1,080,000","1,410.08",766,17 May 2022,81 UBI AVENUE 4 #01-03,Resale,Strata,131,"8,244",Warehouse,60 yrs from 31/12/2008,14,40,408830,Central Region,Geylang
CITY WAREHOUSE,"838,000","4,725.4",177,19 May 2022,5 KAKI BUKIT ROAD 2 #04-04,Resale,Strata,439,"1,909",Warehouse,60 yrs from 17/12/1981,14,41,417839,East Region,Bedok
OXLEY BIZHUB,"668,000","1,033.34",646,19 May 2022,61 UBI ROAD 1 #03-29,Resale,Strata,96,"6,958",Warehouse,60 yrs from 15/11/2010,14,40,408727,Central Region,Geylang
OXLEY BIZHUB,"739,000","1,001.05",738,24 May 2022,65 UBI ROAD 1 #03-77,Resale,Strata,93,"7,946",Warehouse,60 yrs from 15/11/2010,14,40,408729,Central Region,Geylang
OXLEY BIZHUB,"797,000","1,453.14",548,24 May 2022,65 UBI ROAD 1 #04-37,Resale,Strata,135,"5,904",Warehouse,60 yrs from 15/11/2010,14,40,408729,Central Region,Geylang
LINK@AMK,"1,600,000","2,152.8",743,25 May 2022,3 ANG MO KIO STREET 62 #01-13,Resale,Strata,200,"8,000",Warehouse,60 yrs from 28/06/2011,20,56,569139,North East Region,Ang Mo Kio
INTREPID WAREHOUSE COMPLEX,"1,820,000","9,396.97",194,27 May 2022,213 UBI AVENUE 4,Resale,Strata,873,"2,085",Warehouse,60 yrs from 19/10/1982,14,40,408808,Central Region,Geylang
TAGORE BUILDING,"1,380,000","2,109.74",654,03 Jun 2022,6 TAGORE DRIVE #02-10,Resale,Strata,196,"7,041",Warehouse,Freehold,26,78,787623,North East Region,Ang Mo Kio
MANDAI INDUSTRIAL BUILDING,"1,325,000","3,218.44",412,06 Jun 2022,30 MANDAI ESTATE #04-01,Resale,Strata,299,"4,431",Warehouse,Freehold,25,72,729918,North Region,Sungei Kadut
LAM SOON INDUSTRIAL BUILDING,"3,080,000","4,122.61",747,08 Jun 2022,63 HILLVIEW AVENUE #03-11,Resale,Strata,383,"8,042",Warehouse,Freehold,23,66,669569,West Region,Bukit Batok
OXLEY BIZHUB,"2,128,000","2,970.86",716,10 Jun 2022,61 UBI ROAD 1 #01-21,Resale,Strata,276,"7,710",Warehouse,60 yrs from 15/11/2010,14,40,408727,Central Region,Geylang
GORDON WAREHOUSE BUILDING,"405,000","1,743.77",232,15 Jun 2022,9 KAKI BUKIT ROAD 2 #02-16,Resale,Strata,162,"2,500",Warehouse,60 yrs from 25/07/1981,14,41,417842,East Region,Bedok
QUARTZ INDUSTRIAL BUILDING,"2,250,000","2,841.7",792,22 Jun 2022,5 UPPER ALJUNIED LINK #02-01,Resale,Strata,264,"8,523",Warehouse,Freehold,13,36,367903,Central Region,Toa Payoh
VERTEX,"1,887,000","3,261.49",579,28 Jun 2022,33 UBI AVENUE 3 #01-59,Resale,Strata,303,"6,228",Warehouse,60 yrs from 01/01/2007,14,40,408868,Central Region,Geylang
OXLEY BIZHUB,"825,000","1,560.78",529,04 Jul 2022,65 UBI ROAD 1 #04-24,Resale,Strata,145,"5,690",Warehouse,60 yrs from 15/11/2010,14,40,408729,Central Region,Geylang
PAN MALAYAN WAREHOUSE,"2,450,000","8,342.1",294,08 Jul 2022,173 UBI AVENUE 4,Resale,Strata,775,"3,161",Warehouse,60 yrs from 08/11/1982,14,40,408790,Central Region,Geylang
TANNERY HOUSE,"1,820,000","2,540.3",716,12 Jul 2022,37 TANNERY LANE #05-08,Resale,Strata,236,"7,712",Warehouse,Freehold,13,34,347790,Central Region,Geylang
N.A.,"4,850,000","32,677.35",148,13 Jul 2022,9 TUAS SOUTH STREET 8,Resale,Land,"3,035.8","1,598",Warehouse,23 yrs from 26/12/2012,22,63,636931,West Region,Tuas
VERTEX,"635,000","1,227.1",517,14 Jul 2022,33 UBI AVENUE 3 #05-54,Resale,Strata,114,"5,570",Warehouse,60 yrs from 01/01/2007,14,40,408868,Central Region,Geylang
ZERVEX,"3,718,888","4,165.67",893,15 Jul 2022,8 UBI ROAD 2 #01-02,Resale,Strata,387,"9,610",Warehouse,60 yrs from 30/06/2008,14,40,408538,Central Region,Geylang
CITY WAREHOUSE,"743,800","4,154.9",179,27 Jul 2022,5 KAKI BUKIT ROAD 2 #04-13,Resale,Strata,386,"1,927",Warehouse,60 yrs from 17/12/1981,14,41,417839,East Region,Bedok
PANDAN LOGISTICS HUB,"43,500,000","133,681.35",325,29 Jul 2022,49 PANDAN ROAD,Resale,Land,"12,419.3","3,503",Warehouse,30+30 yrs from 01/10/1979,22,60,609290,West Region,Jurong East
VERTEX,"1,145,000","2,368.08",484,01 Aug 2022,33 UBI AVENUE 3 #02-15,Resale,Strata,220,"5,205",Warehouse,60 yrs from 01/01/2007,14,40,408868,Central Region,Geylang
THE WESTCOM,"728,000","2,152.8",338,03 Aug 2022,1 TUAS SOUTH AVENUE 6 #01-09,Resale,Strata,200,"3,640",Warehouse,60 yrs from 09/07/1996,22,63,637021,West Region,Tuas
I.BIZ CENTRE,"680,000","2,131.27",319,04 Aug 2022,32 OLD TOH TUCK ROAD #01-11,Resale,Strata,198,"3,434",Warehouse,30 yrs from 29/06/2011,21,59,597658,West Region,Clementi
JOO SENG WAREHOUSE,"2,420,000","3,498.3",692,05 Aug 2022,1 UPPER ALJUNIED LINK #07-06,Resale,Strata,325,"7,446",Warehouse,Freehold,13,36,367901,Central Region,Toa Payoh
RUBY WAREHOUSE COMPLEX,"345,000","1,496.2",231,10 Aug 2022,8 KAKI BUKIT ROAD 2 #02-24,Resale,Strata,139,"2,482",Warehouse,60 yrs from 07/12/1981,14,41,417841,East Region,Bedok
RUBY WAREHOUSE COMPLEX,"345,000","1,496.2",231,10 Aug 2022,8 KAKI BUKIT ROAD 2 #02-25,Resale,Strata,139,"2,482",Warehouse,60 yrs from 07/12/1981,14,41,417841,East Region,Bedok
LINK@AMK,"4,300,000","8,966.41",480,19 Aug 2022,3 ANG MO KIO STREET 62 #01-40,Resale,Strata,833,"5,162",Warehouse,60 yrs from 28/06/2011,20,56,569139,North East Region,Ang Mo Kio
GORDON WAREHOUSE BUILDING,"2,000,000","7,039.66",284,24 Aug 2022,9 KAKI BUKIT ROAD 2 #01-17,Resale,Strata,654,"3,058",Warehouse,60 yrs from 25/07/1981,14,41,417842,East Region,Bedok
OXLEY BIZHUB,"945,000","1,496.2",632,24 Aug 2022,65 UBI ROAD 1 #03-58,Resale,Strata,139,"6,799",Warehouse,60 yrs from 15/11/2010,14,40,408729,Central Region,Geylang
UB. ONE,"1,120,000","1,410.08",794,29 Aug 2022,81 UBI AVENUE 4 #01-02,Resale,Strata,131,"8,550",Warehouse,60 yrs from 31/12/2008,14,40,408830,Central Region,Geylang
OXLEY BIZHUB,"680,000","1,022.58",665,02 Sep 2022,61 UBI ROAD 1 #02-06,Resale,Strata,95,"7,158",Warehouse,60 yrs from 15/11/2010,14,40,408727,Central Region,Geylang
CARROS CENTRE,"1,521,000","1,689.95",900,09 Sep 2022,60 JALAN LAM HUAT #05-12,Resale,Strata,157,"9,688",Warehouse,Freehold,25,73,737869,North Region,Sungei Kadut
VERTEX,"1,800,000","3,283.02",548,09 Sep 2022,33 UBI AVENUE 3 #01-66,Resale,Strata,305,"5,902",Warehouse,60 yrs from 01/01/2007,14,40,408868,Central Region,Geylang
JOO SENG WAREHOUSE,"1,503,000","2,109.74",712,09 Sep 2022,3 UPPER ALJUNIED LINK #05-03,Resale,Strata,196,"7,668",Warehouse,Freehold,13,36,367902,Central Region,Toa Payoh
JOO SENG WAREHOUSE,"2,480,000","3,498.3",709,14 Sep 2022,3 UPPER ALJUNIED LINK #04-01,Resale,Strata,325,"7,631",Warehouse,Freehold,13,36,367902,Central Region,Toa Payoh
OXLEY BIZHUB 2,"1,020,000","1,894.46",538,20 Sep 2022,62 UBI ROAD 1 #01-07,Resale,Strata,176,"5,795",Warehouse,60 yrs from 10/06/2011,14,40,408734,Central Region,Geylang
QUARTZ INDUSTRIAL BUILDING,"3,908,000","5,209.78",750,22 Sep 2022,5 UPPER ALJUNIED LINK #06-06,Resale,Strata,484,"8,074",Warehouse,Freehold,13,36,367903,Central Region,Toa Payoh
INNOVATION PLACE,"1,500,000","1,776.06",845,29 Sep 2022,25 MANDAI ESTATE #01-04,Resale,Strata,165,"9,091",Warehouse,Freehold,25,72,729930,North Region,Sungei Kadut
